date,instrument,direction,entry_time,entry_price,exit_time,exit_price,exit_reason,quantity,points,pnl_inr,brokerage,stt,exchange_txn_charges,sebi_charges,stamp_duty,gst,total_charges,net_pnl_inr,equity_before,equity_after,withdrawn_to_date,withdrawal_here,realized_net_to_date
2022-01-04,NIFTY,LONG,2022-01-04 13:50:00+05:30,17688.35,2022-01-04 14:19:00+05:30,17736.57,TP,65,48.22,3134.25,20.0,576.44,42.14,2.3,22.99,11.18,675.06,2459.19,200000.0,202459.19,0.0,False,2459.19
2022-01-05,NIFTY,SHORT,2022-01-05 09:30:00+05:30,17786.67,2022-01-05 09:40:00+05:30,17773.81,EARLY_EXIT,65,12.87,836.23,20.0,578.07,42.3,2.31,23.11,11.21,677.0,159.23,202459.19,202618.41,0.0,False,2618.42
2022-01-11,NIFTY,LONG,2022-01-11 10:20:00+05:30,17983.5,2022-01-11 10:38:00+05:30,18039.3,TP,65,55.8,3627.0,20.0,586.28,42.85,2.34,23.38,11.31,686.16,2940.84,202618.41,205559.25,0.0,False,5559.26
2022-01-13,NIFTY,LONG,2022-01-13 10:45:00+05:30,18197.95,2022-01-13 12:35:00+05:30,18225.7,EARLY_EXIT,65,27.75,1803.75,20.0,592.34,43.33,2.37,23.66,11.4,693.08,1110.67,205559.25,206669.92,0.0,False,6669.93
2022-01-17,NIFTY,LONG,2022-01-17 13:50:00+05:30,18284.95,2022-01-17 15:14:00+05:30,18304.65,PRE_CLOSE_FLATTEN,65,19.7,1280.5,20.0,594.9,43.52,2.38,23.77,11.43,696.01,584.49,206669.92,207254.41,0.0,False,7254.42
2022-01-18,NIFTY,SHORT,2022-01-18 09:30:00+05:30,18332.99,2022-01-18 09:38:00+05:30,18288.35,TP,65,44.64,2901.64,20.0,595.82,43.56,2.38,23.77,11.44,696.98,2204.66,207254.41,209459.07,0.0,False,9459.08
2022-01-25,NIFTY,SHORT,2022-01-25 10:10:00+05:30,17064.79,2022-01-25 11:25:00+05:30,17100.13,EARLY_EXIT,65,-35.34,-2297.42,20.0,554.61,40.64,2.22,22.23,10.92,650.61,-2948.03,209459.07,206511.04,0.0,False,6511.05
2022-01-25,NIFTY,SHORT,2022-01-25 11:55:00+05:30,17075.73,2022-01-25 12:32:00+05:30,17115.02,SL,65,-39.29,-2553.79,20.0,554.96,40.67,2.22,22.25,10.92,651.02,-3204.81,206511.04,203306.23,0.0,False,3306.24
2022-02-08,NIFTY,LONG,2022-02-08 13:30:00+05:30,17162.28,2022-02-08 14:10:00+05:30,17186.55,EARLY_EXIT,65,24.27,1577.55,20.0,558.56,40.86,2.23,22.31,10.95,654.92,922.63,203306.23,204228.86,0.0,False,4228.87
2022-02-10,NIFTY,LONG,2022-02-10 10:05:00+05:30,17453.75,2022-02-10 10:25:00+05:30,17533.4,TP,65,79.65,5177.25,20.0,569.84,41.62,2.27,22.69,11.09,667.51,4509.74,204228.86,208738.6,0.0,False,8738.61
2022-02-16,NIFTY,LONG,2022-02-16 11:15:00+05:30,17297.95,2022-02-16 11:35:00+05:30,17299.48,EARLY_EXIT,65,1.53,99.45,20.0,562.23,41.15,2.25,22.49,11.01,659.13,-559.68,208738.6,208178.92,0.0,False,8178.93
2022-02-16,NIFTY,LONG,2022-02-16 11:45:00+05:30,17314.5,2022-02-16 12:34:00+05:30,17397.53,TP,65,83.03,5396.68,20.0,565.42,41.29,2.26,22.51,11.03,662.51,4734.17,208178.92,212913.08,0.0,False,12913.1
2022-03-21,NIFTY,SHORT,2022-03-21 09:30:00+05:30,17316.98,2022-03-21 10:03:00+05:30,17228.9,TP,65,88.08,5725.15,20.0,562.8,41.09,2.25,22.4,11.0,659.53,5065.62,212913.08,217978.7,0.0,False,17978.72
2022-03-22,NIFTY,SHORT,2022-03-22 11:35:00+05:30,17052.49,2022-03-22 12:40:00+05:30,17074.3,SL,65,-21.81,-1417.45,20.0,554.21,40.59,2.22,22.2,10.91,650.12,-2067.57,217978.7,215911.13,0.0,False,15911.15
2022-04-05,NIFTY,SHORT,2022-04-05 09:30:00+05:30,18062.65,2022-04-05 09:44:00+05:30,17990.2,TP,65,72.45,4709.25,20.0,587.04,42.88,2.34,23.39,11.32,686.97,4022.28,215911.13,219933.41,0.0,False,19933.43
2022-04-05,NIFTY,SHORT,2022-04-05 11:15:00+05:30,18009.9,2022-04-05 12:10:00+05:30,18016.3,EARLY_EXIT,65,-6.4,-416.0,20.0,585.32,42.85,2.34,23.42,11.31,685.25,-1101.25,219933.41,218832.16,0.0,False,18832.18
2022-04-08,NIFTY,SHORT,2022-04-08 11:05:00+05:30,17662.05,2022-04-08 11:55:00+05:30,17668.8,EARLY_EXIT,65,-6.75,-438.75,20.0,574.02,42.03,2.3,22.97,11.16,672.47,-1111.22,218832.16,217720.94,0.0,False,17720.96
2022-04-13,NIFTY,SHORT,2022-04-13 14:55:00+05:30,17510.7,2022-04-13 15:14:00+05:30,17471.0,PRE_CLOSE_FLATTEN,65,39.7,2580.5,20.0,569.1,41.61,2.27,22.71,11.09,666.78,1913.72,217720.94,219634.66,0.0,False,19634.68
2022-04-19,NIFTY,SHORT,2022-04-19 09:30:00+05:30,17209.5,2022-04-19 10:00:00+05:30,17188.45,EARLY_EXIT,65,21.05,1368.25,20.0,559.31,40.92,2.24,22.34,10.96,655.77,712.48,219634.66,220347.14,0.0,False,20347.16
2022-05-18,NIFTY,SHORT,2022-05-18 14:05:00+05:30,16314.25,2022-05-18 15:14:00+05:30,16237.25,PRE_CLOSE_FLATTEN,65,77.0,5005.0,20.0,530.21,38.72,2.12,21.11,10.57,622.73,4382.27,220347.14,224729.41,0.0,False,24729.43
2022-05-24,NIFTY,SHORT,2022-05-24 12:05:00+05:30,16204.55,2022-05-24 12:20:00+05:30,16213.2,EARLY_EXIT,65,-8.65,-562.25,20.0,526.65,38.56,2.11,21.08,10.54,618.93,-1181.18,224729.41,223548.23,0.0,False,23548.25
2022-05-24,NIFTY,SHORT,2022-05-24 13:05:00+05:30,16236.54,2022-05-24 13:09:00+05:30,16164.06,TP,65,72.48,4711.2,20.0,527.69,38.54,2.11,21.01,10.54,619.88,4091.32,223548.23,227639.55,0.0,False,27639.57
2022-06-17,NIFTY,SHORT,2022-06-17 12:55:00+05:30,15313.27,2022-06-17 13:10:00+05:30,15267.3,TP,130,45.98,5976.75,20.0,995.36,72.75,3.98,39.69,16.7,1148.48,4828.27,227639.55,232467.82,0.0,False,32467.84
2022-06-23,NIFTY,LONG,2022-06-23 13:30:00+05:30,15420.03,2022-06-23 13:37:00+05:30,15512.29,TP,65,92.25,5996.4,20.0,504.15,36.79,2.01,20.05,10.22,593.22,5403.18,232467.82,237871.0,0.0,False,37871.02
2022-06-29,NIFTY,SHORT,2022-06-29 14:30:00+05:30,15850.15,2022-06-29 14:35:00+05:30,15816.7,TP,65,33.45,2174.25,20.0,515.13,37.67,2.06,20.56,10.38,605.8,1568.45,237871.0,239439.45,0.0,False,39439.47
2022-06-29,NIFTY,LONG,2022-06-29 14:50:00+05:30,15837.05,2022-06-29 15:01:00+05:30,15818.9,SL,65,-18.15,-1180.03,20.0,514.11,37.65,2.06,20.59,10.38,604.79,-1784.82,239439.45,237654.63,0.0,False,37654.65
2022-07-04,NIFTY,SHORT,2022-07-04 09:40:00+05:30,15732.56,2022-07-04 10:45:00+05:30,15711.55,EARLY_EXIT,65,21.01,1365.97,20.0,511.31,37.4,2.04,20.43,10.33,601.51,764.46,237654.63,238419.1,0.0,False,38419.11
2022-07-15,NIFTY,SHORT,2022-07-15 10:45:00+05:30,15975.6,2022-07-15 11:45:00+05:30,15977.16,EARLY_EXIT,65,-1.56,-101.4,20.0,519.21,38.01,2.08,20.77,10.44,610.5,-711.9,238419.1,237707.2,0.0,False,37707.21
2022-07-19,NIFTY,LONG,2022-07-19 12:00:00+05:30,16282.9,2022-07-19 13:10:00+05:30,16284.95,EARLY_EXIT,65,2.05,133.25,20.0,529.26,38.74,2.12,21.17,10.57,621.86,-488.61,237707.2,237218.59,0.0,False,37218.6
2022-07-19,NIFTY,LONG,2022-07-19 13:35:00+05:30,16287.2,2022-07-19 14:32:00+05:30,16330.6,TP,65,43.4,2821.01,20.0,530.74,38.8,2.12,21.17,10.58,623.42,2197.59,237218.59,239416.18,0.0,False,39416.19
2022-07-22,NIFTY,SHORT,2022-07-22 10:35:00+05:30,16644.25,2022-07-22 11:15:00+05:30,16638.25,EARLY_EXIT,65,6.0,390.0,20.0,540.94,39.59,2.16,21.63,10.73,635.05,-245.05,239416.18,239171.13,0.0,False,39171.14
2022-08-10,NIFTY,SHORT,2022-08-10 09:30:00+05:30,17509.96,2022-08-10 10:15:00+05:30,17513.54,EARLY_EXIT,65,-3.58,-233.02,20.0,569.07,41.66,2.28,22.77,11.1,666.88,-899.9,239171.13,238271.23,0.0,False,38271.24
2022-08-10,NIFTY,LONG,2022-08-10 11:25:00+05:30,17500.0,2022-08-10 11:55:00+05:30,17504.55,EARLY_EXIT,65,4.55,295.75,20.0,568.9,41.64,2.28,22.75,11.09,666.66,-370.91,238271.23,237900.32,0.0,False,37900.33
2022-08-19,NIFTY,SHORT,2022-08-19 10:50:00+05:30,17957.7,2022-08-19 10:56:00+05:30,17922.9,TP,65,34.8,2262.0,20.0,583.63,42.68,2.33,23.3,11.28,683.22,1578.78,237900.32,239479.1,0.0,False,39479.11
2022-08-23,NIFTY,LONG,2022-08-23 12:30:00+05:30,17458.0,2022-08-23 12:35:00+05:30,17486.2,TP,65,28.2,1833.0,20.0,568.3,41.57,2.27,22.7,11.08,665.92,1167.08,239479.1,240646.18,0.0,False,40646.19
2022-08-25,NIFTY,LONG,2022-08-25 11:40:00+05:30,17655.1,2022-08-25 12:04:00+05:30,17700.65,TP,65,45.55,2961.0,20.0,575.27,42.06,2.3,22.95,11.17,673.75,2287.25,240646.18,242933.42,0.0,False,42933.44
2022-09-02,NIFTY,SHORT,2022-09-02 09:30:00+05:30,17568.67,2022-09-02 10:13:00+05:30,17477.43,TP,65,91.24,5930.59,20.0,570.98,41.69,2.28,22.72,11.1,668.77,5261.82,242933.42,248195.25,0.0,False,48195.26
2022-09-19,NIFTY,LONG,2022-09-19 12:00:00+05:30,17617.35,2022-09-19 13:20:00+05:30,17618.6,EARLY_EXIT,65,1.25,81.25,20.0,572.6,41.91,2.29,22.9,11.14,670.85,-589.6,248195.25,247605.65,0.0,False,47605.66
2022-09-29,NIFTY,SHORT,2022-09-29 14:55:00+05:30,16850.05,2022-09-29 15:14:00+05:30,16831.05,PRE_CLOSE_FLATTEN,65,19.0,1235.0,20.0,547.63,40.06,2.19,21.88,10.81,642.57,592.43,247605.65,248198.08,0.0,False,48198.09
2022-10-07,NIFTY,SHORT,2022-10-07 13:10:00+05:30,17274.0,2022-10-07 13:40:00+05:30,17265.6,EARLY_EXIT,65,8.4,546.0,20.0,561.4,41.08,2.25,22.45,11.0,658.18,-112.18,248198.08,248085.9,0.0,False,48085.91
2022-10-19,NIFTY,LONG,2022-10-19 13:20:00+05:30,17532.28,2022-10-19 13:55:00+05:30,17519.51,EARLY_EXIT,65,-12.78,-830.38,20.0,569.38,41.69,2.28,22.79,11.1,667.25,-1497.63,248085.9,246588.27,0.0,False,46588.28
2022-10-19,NIFTY,LONG,2022-10-19 14:10:00+05:30,17532.76,2022-10-19 14:45:00+05:30,17527.0,EARLY_EXIT,65,-5.76,-374.72,20.0,569.63,41.7,2.28,22.79,11.11,667.51,-1042.23,246588.27,245546.04,0.0,False,45546.05
2022-11-03,NIFTY,LONG,2022-11-03 11:10:00+05:30,18065.9,2022-11-03 11:13:00+05:30,18085.1,TP,65,19.2,1248.0,20.0,587.77,43.0,2.35,23.49,11.34,687.94,560.06,245546.04,246106.1,0.0,False,46106.11
2022-11-03,NIFTY,SHORT,2022-11-03 13:50:00+05:30,18034.35,2022-11-03 15:00:00+05:30,18048.72,SL,65,-14.37,-933.86,20.0,586.12,42.92,2.35,23.46,11.33,686.17,-1620.03,246106.1,244486.06,0.0,False,44486.08
2022-11-04,NIFTY,SHORT,2022-11-04 09:45:00+05:30,18058.08,2022-11-04 11:20:00+05:30,18046.75,EARLY_EXIT,65,11.33,736.13,20.0,586.89,42.95,2.35,23.46,11.33,686.97,49.16,244486.06,244535.22,0.0,False,44535.24
2022-11-07,NIFTY,LONG,2022-11-07 11:05:00+05:30,18138.0,2022-11-07 12:30:00+05:30,18145.7,EARLY_EXIT,65,7.7,500.5,20.0,589.74,43.16,2.36,23.58,11.37,690.2,-189.7,244535.22,244345.52,0.0,False,44345.54
2022-11-14,NIFTY,LONG,2022-11-14 10:40:00+05:30,18342.85,2022-11-14 11:25:00+05:30,18341.15,EARLY_EXIT,65,-1.7,-110.5,20.0,596.09,43.64,2.38,23.85,11.45,697.41,-807.91,244345.52,243537.61,0.0,False,43537.63
2022-11-22,NIFTY,LONG,2022-11-22 13:55:00+05:30,18211.35,2022-11-22 14:40:00+05:30,18204.35,EARLY_EXIT,65,-7.0,-455.0,20.0,591.64,43.32,2.37,23.67,11.4,692.4,-1147.4,243537.61,242390.21,0.0,False,42390.23
2022-11-25,NIFTY,SHORT,2022-11-25 11:40:00+05:30,18476.55,2022-11-25 11:58:00+05:30,18452.25,TP,65,24.3,1579.5,20.0,600.49,43.93,2.4,23.99,11.51,702.31,877.19,242390.21,243267.4,0.0,False,43267.42
2022-11-25,NIFTY,LONG,2022-11-25 12:10:00+05:30,18460.6,2022-11-25 12:55:00+05:30,18488.8,TP,65,28.2,1833.0,20.0,600.89,43.95,2.4,24.0,11.51,702.75,1130.25,243267.4,244397.65,0.0,False,44397.67
2022-11-25,NIFTY,SHORT,2022-11-25 14:10:00+05:30,18499.1,2022-11-25 14:25:00+05:30,18482.8,EARLY_EXIT,65,16.3,1059.5,20.0,601.22,43.99,2.4,24.03,11.52,703.16,356.34,244397.65,244753.99,0.0,False,44754.01
2022-12-07,NIFTY,SHORT,2022-12-07 13:35:00+05:30,18610.4,2022-12-07 13:38:00+05:30,18597.2,TP,65,13.2,858.0,20.0,604.84,44.26,2.42,24.18,11.57,707.26,150.74,244753.99,244904.73,0.0,False,44904.75
2022-12-21,NIFTY,LONG,2022-12-21 11:05:00+05:30,18347.55,2022-12-21 11:41:00+05:30,18372.9,TP,65,25.35,1647.75,20.0,597.12,43.68,2.39,23.85,11.46,698.5,949.25,244904.73,245853.98,0.0,False,45854.0
2022-12-22,NIFTY,LONG,2022-12-22 09:45:00+05:30,18211.17,2022-12-22 10:00:00+05:30,18232.22,EARLY_EXIT,65,21.05,1368.25,20.0,592.55,43.35,2.37,23.67,11.4,693.34,674.91,245853.98,246528.89,0.0,False,46528.91
2022-12-30,NIFTY,LONG,2022-12-30 12:05:00+05:30,18211.85,2022-12-30 13:00:00+05:30,18221.15,EARLY_EXIT,65,9.3,604.5,20.0,592.19,43.34,2.37,23.68,11.4,692.97,-88.47,246528.89,246440.42,0.0,False,46440.44
2022-12-30,NIFTY,LONG,2022-12-30 13:25:00+05:30,18203.55,2022-12-30 13:40:00+05:30,18199.65,EARLY_EXIT,65,-3.9,-253.5,20.0,591.49,43.3,2.37,23.66,11.39,692.22,-945.72,246440.42,245494.7,0.0,False,45494.72
2023-01-11,NIFTY,SHORT,2023-01-11 09:40:00+05:30,17909.18,2023-01-11 10:05:00+05:30,17918.36,EARLY_EXIT,65,-9.18,-596.38,20.0,582.05,42.62,2.33,23.29,11.27,681.56,-1277.94,245494.7,244216.76,0.0,False,44216.78
2023-01-17,NIFTY,LONG,2023-01-17 13:30:00+05:30,17945.3,2023-01-17 13:51:00+05:30,17988.91,TP,65,43.61,2834.61,20.0,584.64,42.74,2.34,23.33,11.29,684.34,2150.27,244216.76,246367.04,0.0,False,46367.05
2023-01-19,NIFTY,SHORT,2023-01-19 11:30:00+05:30,18122.9,2023-01-19 11:40:00+05:30,18123.5,EARLY_EXIT,65,-0.6,-39.0,20.0,588.99,43.12,2.36,23.56,11.36,689.39,-728.39,246367.04,245638.65,0.0,False,45638.66
2023-01-19,NIFTY,SHORT,2023-01-19 12:40:00+05:30,18134.7,2023-01-19 14:10:00+05:30,18126.0,EARLY_EXIT,65,8.7,565.5,20.0,589.38,43.13,2.36,23.56,11.36,689.79,-124.29,245638.65,245514.36,0.0,False,45514.37
2023-01-24,NIFTY,LONG,2023-01-24 14:50:00+05:30,18111.65,2023-01-24 15:14:00+05:30,18123.2,PRE_CLOSE_FLATTEN,65,11.55,750.75,20.0,589.0,43.1,2.36,23.55,11.36,689.36,61.39,245514.36,245575.75,0.0,False,45575.76
2023-01-30,NIFTY,SHORT,2023-01-30 12:15:00+05:30,17600.72,2023-01-30 12:35:00+05:30,17528.93,TP,65,71.79,4666.35,20.0,572.02,41.79,2.28,22.79,11.12,670.0,3996.35,245575.75,249572.1,0.0,False,49572.11
2023-02-02,NIFTY,SHORT,2023-02-02 11:35:00+05:30,17603.2,2023-02-02 11:50:00+05:30,17591.1,EARLY_EXIT,65,12.1,786.5,20.0,572.1,41.86,2.29,22.87,11.14,670.26,116.24,249572.1,249688.34,0.0,False,49688.35
2023-02-02,NIFTY,SHORT,2023-02-02 12:15:00+05:30,17614.05,2023-02-02 13:39:00+05:30,17521.72,TP,65,92.33,6001.55,20.0,572.46,41.79,2.28,22.78,11.12,670.44,5331.11,249688.34,255019.44,0.0,False,55019.46
2023-02-02,NIFTY,LONG,2023-02-02 14:10:00+05:30,17540.74,2023-02-02 15:07:00+05:30,17623.24,TP,65,82.51,5362.85,20.0,572.76,41.83,2.29,22.8,11.13,670.8,4692.05,255019.44,259711.49,0.0,False,59711.51
2023-02-16,NIFTY,LONG,2023-02-16 13:05:00+05:30,18066.2,2023-02-16 13:55:00+05:30,18080.3,EARLY_EXIT,65,14.1,916.5,20.0,587.61,43.0,2.35,23.49,11.34,687.78,228.72,259711.49,259940.21,0.0,False,59940.23
2023-02-16,NIFTY,LONG,2023-02-16 14:10:00+05:30,18073.35,2023-02-16 14:20:00+05:30,18078.45,EARLY_EXIT,65,5.1,331.5,20.0,587.55,43.0,2.35,23.5,11.34,687.74,-356.24,259940.21,259583.97,0.0,False,59583.99
2023-02-20,NIFTY,LONG,2023-02-20 09:35:00+05:30,17912.59,2023-02-20 09:37:00+05:30,17939.56,TP,65,26.97,1753.05,20.0,583.04,42.65,2.33,23.29,11.28,682.57,1070.48,259583.97,260654.45,0.0,False,60654.47
2023-02-20,NIFTY,SHORT,2023-02-20 10:25:00+05:30,17976.5,2023-02-20 12:37:00+05:30,17907.34,TP,65,69.16,4495.51,20.0,584.24,42.68,2.33,23.28,11.28,683.82,3811.69,260654.45,264466.14,0.0,False,64466.16
2023-02-21,NIFTY,SHORT,2023-02-21 09:35:00+05:30,17866.83,2023-02-21 10:00:00+05:30,17863.05,EARLY_EXIT,65,3.78,245.7,20.0,580.67,42.5,2.32,23.22,11.25,679.97,-434.27,264466.14,264031.87,0.0,False,64031.89
2023-02-21,NIFTY,LONG,2023-02-21 11:55:00+05:30,17881.2,2023-02-21 12:00:00+05:30,17891.35,EARLY_EXIT,65,10.15,659.75,20.0,581.47,42.55,2.33,23.25,11.26,680.85,-21.1,264031.87,264010.77,0.0,False,64010.79
2023-02-23,NIFTY,SHORT,2023-02-23 10:50:00+05:30,17594.25,2023-02-23 11:25:00+05:30,17571.41,EARLY_EXIT,65,22.84,1484.92,20.0,571.81,41.83,2.29,22.84,11.13,669.9,815.02,264010.77,264825.8,0.0,False,64825.81
2023-02-24,NIFTY,SHORT,2023-02-24 14:05:00+05:30,17454.65,2023-02-24 15:05:00+05:30,17466.05,EARLY_EXIT,65,-11.4,-741.32,20.0,567.28,41.54,2.27,22.71,11.08,664.87,-1406.19,264825.8,263419.6,0.0,False,63419.62
2023-03-14,NIFTY,SHORT,2023-03-14 12:40:00+05:30,17132.39,2023-03-14 12:59:00+05:30,17047.37,TP,65,85.02,5526.53,20.0,556.8,40.66,2.22,22.16,10.92,652.76,4873.77,263419.6,268293.38,0.0,False,68293.39
2023-03-21,NIFTY,LONG,2023-03-21 12:20:00+05:30,17040.0,2023-03-21 13:00:00+05:30,17085.03,TP,65,45.03,2927.17,20.0,555.26,40.59,2.22,22.15,10.91,651.13,2276.04,268293.38,270569.42,0.0,False,70569.43
2023-04-06,NIFTY,LONG,2023-04-06 10:00:00+05:30,17528.9,2023-04-06 10:06:00+05:30,17585.85,TP,65,56.95,3701.77,20.0,571.54,41.77,2.28,22.79,11.12,669.5,3032.27,270569.42,273601.69,0.0,False,73601.7
2023-04-13,NIFTY,SHORT,2023-04-13 13:45:00+05:30,17774.0,2023-04-13 13:50:00+05:30,17765.65,EARLY_EXIT,65,8.35,542.75,20.0,577.65,42.27,2.31,23.1,11.21,676.54,-133.79,273601.69,273467.9,0.0,False,73467.91
2023-04-24,NIFTY,LONG,2023-04-24 12:05:00+05:30,17633.4,2023-04-24 12:46:00+05:30,17666.28,TP,65,32.88,2137.42,20.0,574.15,41.99,2.29,22.92,11.16,672.52,1464.9,273467.9,274932.8,0.0,False,74932.81
2023-04-25,NIFTY,LONG,2023-04-25 12:45:00+05:30,17753.7,2023-04-25 12:57:00+05:30,17768.1,TP,65,14.4,936.0,20.0,577.46,42.25,2.31,23.08,11.21,676.31,259.69,274932.8,275192.49,0.0,False,75192.5
2023-04-25,NIFTY,SHORT,2023-04-25 13:50:00+05:30,17777.5,2023-04-25 14:05:00+05:30,17770.3,EARLY_EXIT,65,7.2,468.0,20.0,577.77,42.28,2.31,23.1,11.21,676.68,-208.68,275192.49,274983.81,0.0,False,74983.82
2023-04-28,NIFTY,LONG,2023-04-28 10:20:00+05:30,17898.6,2023-04-28 11:04:00+05:30,17937.0,TP,65,38.4,2496.0,20.0,582.95,42.63,2.33,23.27,11.27,682.45,1813.55,274983.81,276797.36,0.0,False,76797.37
2023-05-03,NIFTY,SHORT,2023-05-03 13:30:00+05:30,18092.95,2023-05-03 13:50:00+05:30,18070.3,TP,65,22.65,1472.25,20.0,588.02,43.02,2.35,23.49,11.34,688.22,784.03,276797.36,277581.39,0.0,False,77581.4
2023-05-05,NIFTY,LONG,2023-05-05 10:00:00+05:30,18192.9,2023-05-05 11:00:00+05:30,18207.35,EARLY_EXIT,65,14.45,939.25,20.0,591.74,43.3,2.37,23.65,11.39,692.45,246.8,277581.39,277828.19,0.0,False,77828.2
2023-05-16,NIFTY,SHORT,2023-05-16 14:05:00+05:30,18361.3,2023-05-16 14:51:00+05:30,18328.02,TP,65,33.28,2163.38,20.0,596.74,43.64,2.38,23.83,11.46,698.05,1465.33,277828.19,279293.52,0.0,False,79293.53
2023-05-19,NIFTY,LONG,2023-05-19 13:10:00+05:30,18117.2,2023-05-19 14:05:00+05:30,18163.37,TP,65,46.17,3001.02,20.0,590.31,43.16,2.36,23.55,11.37,690.74,2310.28,279293.52,281603.79,0.0,False,81603.81
2023-05-24,NIFTY,SHORT,2023-05-24 10:25:00+05:30,18356.65,2023-05-24 10:35:00+05:30,18368.95,EARLY_EXIT,65,-12.3,-799.5,20.0,596.59,43.69,2.39,23.88,11.46,698.01,-1497.51,281603.79,280106.28,0.0,False,80106.3
2023-06-06,NIFTY,SHORT,2023-06-06 14:00:00+05:30,18558.25,2023-06-06 14:30:00+05:30,18561.2,EARLY_EXIT,65,-2.95,-191.75,20.0,603.14,44.15,2.41,24.13,11.55,705.39,-897.14,280106.28,279209.14,0.0,False,79209.16
2023-06-08,NIFTY,LONG,2023-06-08 13:40:00+05:30,18693.2,2023-06-08 14:10:00+05:30,18690.54,EARLY_EXIT,65,-2.66,-172.58,20.0,607.44,44.47,2.43,24.3,11.6,710.25,-882.83,279209.14,278326.32,0.0,False,78326.33
2023-06-12,NIFTY,SHORT,2023-06-12 09:35:00+05:30,18600.0,2023-06-12 10:15:00+05:30,18583.75,EARLY_EXIT,65,16.25,1056.25,20.0,604.5,44.23,2.42,24.16,11.56,706.87,349.38,278326.32,278675.7,0.0,False,78675.71
2023-06-14,NIFTY,SHORT,2023-06-14 09:30:00+05:30,18719.8,2023-06-14 10:40:00+05:30,18714.15,EARLY_EXIT,65,5.65,367.25,20.0,608.39,44.53,2.43,24.33,11.61,711.3,-344.05,278675.7,278331.65,0.0,False,78331.66
2023-06-15,NIFTY,LONG,2023-06-15 09:45:00+05:30,18761.51,2023-06-15 11:05:00+05:30,18777.15,EARLY_EXIT,65,15.64,1016.6,20.0,610.26,44.65,2.44,24.39,11.64,713.38,303.22,278331.65,278634.87,0.0,False,78634.88
2023-06-20,NIFTY,SHORT,2023-06-20 12:00:00+05:30,18713.4,2023-06-20 12:10:00+05:30,18713.0,EARLY_EXIT,65,0.4,26.0,20.0,608.19,44.52,2.43,24.33,11.61,711.08,-685.08,278634.87,277949.79,0.0,False,77949.8
2023-06-21,NIFTY,LONG,2023-06-21 11:25:00+05:30,18821.7,2023-06-21 13:57:00+05:30,18860.26,TP,65,38.56,2506.69,20.0,612.96,44.82,2.45,24.47,11.67,716.37,1790.32,277949.79,279740.1,0.0,False,79740.12
2023-06-23,NIFTY,SHORT,2023-06-23 13:00:00+05:30,18726.4,2023-06-23 14:12:00+05:30,18686.54,TP,65,39.86,2590.8,20.0,608.61,44.5,2.43,24.29,11.61,711.45,1879.35,279740.1,281619.45,0.0,False,81619.47
2023-06-26,NIFTY,SHORT,2023-06-26 09:50:00+05:30,18711.1,2023-06-26 09:55:00+05:30,18679.15,TP,65,31.95,2076.75,20.0,608.11,44.48,2.43,24.28,11.61,710.91,1365.84,281619.45,282985.29,0.0,False,82985.31
2023-06-27,NIFTY,LONG,2023-06-27 13:10:00+05:30,18738.9,2023-06-27 14:01:00+05:30,18762.51,TP,65,23.61,1534.49,20.0,609.78,44.61,2.44,24.36,11.63,712.82,821.67,282985.29,283806.96,0.0,False,83806.98
2023-07-04,NIFTY,LONG,2023-07-04 14:35:00+05:30,19375.7,2023-07-04 15:14:00+05:30,19388.95,PRE_CLOSE_FLATTEN,65,13.25,861.25,20.0,630.14,46.11,2.52,25.19,11.9,735.86,125.39,283806.96,283932.35,0.0,False,83932.37
2023-07-18,NIFTY,SHORT,2023-07-18 12:55:00+05:30,19749.65,2023-07-18 13:01:00+05:30,19714.7,TP,65,34.95,2271.75,20.0,641.86,46.94,2.57,25.63,12.05,749.05,1522.7,283932.35,285455.05,0.0,False,85455.07
2023-07-18,NIFTY,SHORT,2023-07-18 14:15:00+05:30,19744.28,2023-07-18 15:14:00+05:30,19744.72,PRE_CLOSE_FLATTEN,65,-0.43,-27.95,20.0,641.69,46.97,2.57,25.67,12.05,748.95,-776.9,285455.05,284678.15,0.0,False,84678.17
2023-07-31,NIFTY,LONG,2023-07-31 12:50:00+05:30,19688.8,2023-07-31 14:06:00+05:30,19725.68,TP,65,36.88,2397.17,20.0,641.08,46.88,2.56,25.6,12.04,748.16,1649.01,284678.15,286327.16,0.0,False,86327.18
2023-08-01,NIFTY,LONG,2023-08-01 10:55:00+05:30,19738.65,2023-08-01 11:00:00+05:30,19742.5,EARLY_EXIT,65,3.85,250.25,20.0,641.63,46.96,2.57,25.66,12.05,748.87,-498.62,286327.16,285828.54,0.0,False,85828.56
2023-08-03,NIFTY,SHORT,2023-08-03 09:30:00+05:30,19530.76,2023-08-03 09:36:00+05:30,19486.11,TP,65,44.65,2902.57,20.0,634.75,46.41,2.54,25.33,11.95,740.98,2161.59,285828.54,287990.14,0.0,False,87990.15
2023-08-03,NIFTY,SHORT,2023-08-03 09:55:00+05:30,19512.3,2023-08-03 11:05:00+05:30,19503.3,EARLY_EXIT,65,9.0,585.0,20.0,634.15,46.41,2.54,25.35,11.95,740.4,-155.4,287990.14,287834.74,0.0,False,87834.75
2023-08-03,NIFTY,SHORT,2023-08-03 11:15:00+05:30,19499.15,2023-08-03 12:15:00+05:30,19449.2,TP,65,49.95,3246.75,20.0,633.72,46.33,2.53,25.28,11.94,739.81,2506.94,287834.74,290341.68,0.0,False,90341.69
2023-08-10,NIFTY,SHORT,2023-08-10 10:20:00+05:30,19613.95,2023-08-10 10:22:00+05:30,19589.95,TP,65,24.0,1560.0,20.0,637.45,46.63,2.55,25.47,11.99,744.1,815.9,290341.68,291157.58,0.0,False,91157.59
2023-08-16,NIFTY,SHORT,2023-08-16 10:55:00+05:30,19393.05,2023-08-16 12:30:00+05:30,19388.15,EARLY_EXIT,65,4.9,318.5,20.0,630.27,46.13,2.52,25.2,11.9,736.03,-417.53,291157.58,290740.05,0.0,False,90740.06
2023-08-18,NIFTY,SHORT,2023-08-18 12:15:00+05:30,19300.95,2023-08-18 13:15:00+05:30,19265.67,TP,65,35.28,2293.24,20.0,627.28,45.87,2.51,25.05,11.86,732.57,1560.67,290740.05,292300.72,0.0,False,92300.73
2023-08-28,NIFTY,SHORT,2023-08-28 09:55:00+05:30,19284.85,2023-08-28 10:15:00+05:30,19295.55,EARLY_EXIT,65,-10.7,-695.5,20.0,626.76,45.89,2.51,25.08,11.86,732.1,-1427.6,292300.72,290873.12,0.0,False,90873.13
2023-08-29,NIFTY,LONG,2023-08-29 10:30:00+05:30,19325.3,2023-08-29 13:01:00+05:30,19358.45,TP,65,33.15,2154.75,20.0,629.15,46.01,2.51,25.12,11.88,734.68,1420.07,290873.12,292293.19,0.0,False,92293.2
2023-08-31,NIFTY,SHORT,2023-08-31 13:50:00+05:30,19302.8,2023-08-31 14:33:00+05:30,19263.97,TP,65,38.83,2524.23,20.0,627.34,45.88,2.51,25.04,11.86,732.62,1791.61,292293.19,294084.79,0.0,False,94084.81
2023-09-01,NIFTY,SHORT,2023-09-01 10:00:00+05:30,19308.1,2023-09-01 10:15:00+05:30,19303.6,EARLY_EXIT,65,4.5,292.5,20.0,627.51,45.93,2.51,25.09,11.87,732.91,-440.41,294084.79,293644.38,0.0,False,93644.4
2023-09-06,NIFTY,SHORT,2023-09-06 09:50:00+05:30,19590.55,2023-09-06 10:30:00+05:30,19575.45,EARLY_EXIT,65,15.1,981.5,20.0,636.69,46.59,2.55,25.45,11.99,743.26,238.24,293644.38,293882.62,0.0,False,93882.64
2023-09-12,NIFTY,LONG,2023-09-12 10:05:00+05:30,19990.44,2023-09-12 10:15:00+05:30,19961.42,SL,65,-29.02,-1886.33,20.0,648.75,47.52,2.6,25.99,12.15,757.01,-2643.34,293882.62,291239.28,0.0,False,91239.3
2023-09-12,NIFTY,LONG,2023-09-12 10:40:00+05:30,19951.0,2023-09-12 11:40:00+05:30,20027.56,TP,65,76.56,4976.17,20.0,650.9,47.55,2.6,25.94,12.16,759.14,4217.03,291239.28,295456.31,0.0,False,95456.33
2023-09-12,NIFTY,SHORT,2023-09-12 12:10:00+05:30,20017.1,2023-09-12 12:43:00+05:30,19957.79,TP,65,59.31,3855.03,20.0,650.56,47.55,2.6,25.95,12.16,758.81,3096.22,295456.31,298552.52,0.0,False,98552.55
2023-09-14,NIFTY,LONG,2023-09-14 11:00:00+05:30,20087.85,2023-09-14 11:35:00+05:30,20095.1,EARLY_EXIT,65,7.25,471.25,20.0,653.09,47.8,2.61,26.11,12.2,761.82,-290.57,298552.52,298261.95,0.0,False,98261.98
2023-09-15,NIFTY,LONG,2023-09-15 13:05:00+05:30,20162.2,2023-09-15 14:43:00+05:30,20199.66,TP,65,37.46,2434.93,20.0,656.49,48.01,2.62,26.21,12.24,765.58,1669.35,298261.95,299931.31,0.0,False,99931.33
2023-09-18,NIFTY,LONG,2023-09-18 09:40:00+05:30,20152.1,2023-09-18 12:10:00+05:30,20180.25,EARLY_EXIT,65,28.15,1829.75,20.0,655.86,47.98,2.62,26.2,12.24,764.89,1064.86,299931.31,300996.17,0.0,False,100996.19
2023-09-22,NIFTY,LONG,2023-09-22 09:35:00+05:30,19730.45,2023-09-22 09:38:00+05:30,19755.95,TP,65,25.5,1657.5,20.0,642.07,46.97,2.57,25.65,12.05,749.31,908.19,300996.17,301904.36,0.0,False,101904.38
2023-09-22,NIFTY,SHORT,2023-09-22 09:40:00+05:30,19739.38,2023-09-22 09:59:00+05:30,19680.12,TP,65,59.26,3852.22,20.0,641.53,46.89,2.56,25.58,12.04,748.61,3103.61,301904.36,305007.97,0.0,False,105007.99
2023-09-25,NIFTY,SHORT,2023-09-25 13:45:00+05:30,19715.55,2023-09-25 14:06:00+05:30,19668.37,TP,65,47.18,3066.79,20.0,640.76,46.85,2.56,25.57,12.03,747.76,2319.03,305007.97,307327.0,0.0,False,107327.02
2023-09-25,NIFTY,LONG,2023-09-25 14:30:00+05:30,19653.25,2023-09-25 14:40:00+05:30,19673.05,EARLY_EXIT,65,19.8,1287.0,20.0,639.37,46.78,2.56,25.55,12.02,746.28,540.72,307327.0,307867.72,0.0,False,107867.74
2023-09-28,NIFTY,LONG,2023-09-28 10:05:00+05:30,19702.8,2023-09-28 10:40:00+05:30,19706.75,EARLY_EXIT,65,3.95,256.75,20.0,640.47,46.88,2.56,25.61,12.04,747.56,-490.81,307867.72,307376.91,0.0,False,107376.93
2023-11-01,NIFTY,SHORT,2023-11-01 12:30:00+05:30,19046.44,2023-11-01 13:11:00+05:30,19010.4,TP,65,36.04,2342.57,20.0,619.01,45.27,2.47,24.71,11.75,723.21,1619.36,307376.91,308996.26,0.0,False,108996.29
2023-11-07,NIFTY,SHORT,2023-11-07 11:40:00+05:30,19374.54,2023-11-07 11:46:00+05:30,19339.12,TP,65,35.43,2302.64,20.0,629.67,46.05,2.52,25.14,11.89,735.27,1567.37,308996.26,310563.64,0.0,False,110563.66
2023-11-08,NIFTY,LONG,2023-11-08 11:20:00+05:30,19415.25,2023-11-08 13:17:00+05:30,19454.27,TP,65,39.02,2536.58,20.0,632.26,46.24,2.53,25.24,11.92,738.19,1798.39,310563.64,312362.03,0.0,False,112362.05
2023-11-09,NIFTY,SHORT,2023-11-09 10:25:00+05:30,19443.1,2023-11-09 10:35:00+05:30,19415.8,TP,65,27.3,1774.5,20.0,631.9,46.22,2.53,25.24,11.92,737.81,1036.69,312362.03,313398.72,0.0,False,113398.74
2023-11-10,NIFTY,SHORT,2023-11-10 11:00:00+05:30,19366.05,2023-11-10 11:35:00+05:30,19377.7,EARLY_EXIT,65,-11.65,-757.25,20.0,629.4,46.09,2.52,25.19,11.9,735.09,-1492.34,313398.72,311906.38,0.0,False,111906.4
2023-11-10,NIFTY,LONG,2023-11-10 14:50:00+05:30,19389.81,2023-11-10 15:14:00+05:30,19424.36,TP,65,34.55,2245.99,20.0,631.29,46.17,2.52,25.21,11.91,737.1,1508.89,311906.38,313415.27,0.0,False,113415.29
2023-11-16,NIFTY,LONG,2023-11-16 09:35:00+05:30,19644.45,2023-11-16 09:40:00+05:30,19691.4,TP,65,46.95,3051.8,20.0,639.97,46.79,2.56,25.54,12.02,746.88,2304.92,313415.27,315720.19,0.0,False,115720.21
2023-11-17,NIFTY,SHORT,2023-11-17 10:10:00+05:30,19787.95,2023-11-17 10:40:00+05:30,19794.8,EARLY_EXIT,65,-6.85,-445.25,20.0,643.11,47.08,2.57,25.73,12.08,750.57,-1195.82,315720.19,314524.37,0.0,False,114524.39
2023-11-17,NIFTY,LONG,2023-11-17 13:00:00+05:30,19761.35,2023-11-17 13:15:00+05:30,19764.65,EARLY_EXIT,65,3.3,214.5,20.0,642.35,47.02,2.57,25.69,12.06,749.69,-535.19,314524.37,313989.18,0.0,False,113989.2
2023-11-17,NIFTY,LONG,2023-11-17 14:05:00+05:30,19753.7,2023-11-17 14:25:00+05:30,19750.5,EARLY_EXIT,65,-3.2,-208.0,20.0,641.89,46.99,2.57,25.68,12.06,749.19,-957.19,313989.18,313031.99,0.0,False,113032.01
2023-11-20,NIFTY,LONG,2023-11-20 13:00:00+05:30,19690.2,2023-11-20 13:09:00+05:30,19711.8,TP,65,21.6,1404.0,20.0,640.63,46.87,2.56,25.6,12.04,747.7,656.3,313031.99,313688.29,0.0,False,113688.31
2023-11-22,NIFTY,SHORT,2023-11-22 10:50:00+05:30,19813.55,2023-11-22 11:47:00+05:30,19777.55,TP,65,36.0,2340.0,20.0,643.94,47.09,2.57,25.71,12.08,751.4,1588.6,313688.29,315276.89,0.0,False,115276.91
2023-11-23,NIFTY,LONG,2023-11-23 11:05:00+05:30,19815.15,2023-11-23 11:40:00+05:30,19808.55,EARLY_EXIT,65,-6.6,-429.0,20.0,643.78,47.13,2.58,25.76,12.08,751.33,-1180.33,315276.89,314096.56,0.0,False,114096.58
2023-11-30,NIFTY,LONG,2023-11-30 10:35:00+05:30,20055.55,2023-11-30 11:30:00+05:30,20065.35,EARLY_EXIT,65,9.8,637.0,20.0,652.12,47.72,2.61,26.07,12.19,760.72,-123.72,314096.56,313972.84,0.0,False,113972.86
2023-11-30,NIFTY,LONG,2023-11-30 12:40:00+05:30,20047.2,2023-11-30 12:44:00+05:30,20060.85,TP,65,13.65,887.25,20.0,651.98,47.71,2.61,26.06,12.19,760.54,126.71,313972.84,314099.55,0.0,False,114099.57
2023-11-30,NIFTY,LONG,2023-11-30 14:25:00+05:30,20085.18,2023-11-30 15:07:00+05:30,20132.51,TP,65,47.33,3076.44,20.0,654.31,47.84,2.61,26.11,12.21,763.08,2313.36,314099.55,316412.91,0.0,False,116412.93
2023-12-08,NIFTY,LONG,2023-12-08 11:15:00+05:30,20957.2,2023-12-08 12:20:00+05:30,20958.15,EARLY_EXIT,65,0.95,61.75,20.0,681.14,49.86,2.72,27.24,12.57,793.54,-731.79,316412.91,315681.12,0.0,False,115681.14
2023-12-18,NIFTY,LONG,2023-12-18 13:25:00+05:30,21429.4,2023-12-18 13:30:00+05:30,21429.55,EARLY_EXIT,65,0.15,9.75,20.0,696.46,50.98,2.79,27.86,12.78,810.86,-801.11,315681.12,314880.01,0.0,False,114880.03
2023-12-18,NIFTY,SHORT,2023-12-18 14:40:00+05:30,21440.8,2023-12-18 15:14:00+05:30,21420.75,PRE_CLOSE_FLATTEN,65,20.05,1303.25,20.0,696.83,50.98,2.79,27.85,12.78,811.22,492.03,314880.01,315372.04,0.0,False,115372.06
2023-12-22,NIFTY,LONG,2023-12-22 12:45:00+05:30,21341.7,2023-12-22 13:10:00+05:30,21334.69,EARLY_EXIT,65,-7.01,-455.33,20.0,693.38,50.76,2.77,27.74,12.74,807.4,-1262.73,315372.04,314109.31,0.0,False,114109.33
2024-01-05,NIFTY,LONG,2024-01-05 12:00:00+05:30,21684.6,2024-01-05 12:55:00+05:30,21690.0,EARLY_EXIT,65,5.4,351.0,20.0,704.93,51.59,2.82,28.19,12.89,820.42,-469.42,314109.31,313639.89,0.0,False,113639.91
2024-01-05,NIFTY,LONG,2024-01-05 13:00:00+05:30,21684.55,2024-01-05 13:35:00+05:30,21685.1,EARLY_EXIT,65,0.55,35.75,20.0,704.77,51.59,2.82,28.19,12.89,820.25,-784.5,313639.89,312855.39,0.0,False,112855.41
2024-01-10,NIFTY,LONG,2024-01-10 13:50:00+05:30,21494.0,2024-01-10 14:00:00+05:30,21536.75,TP,65,42.75,2778.75,20.0,699.94,51.19,2.8,27.94,12.81,814.68,1964.07,312855.39,314819.46,0.0,False,114819.48
2024-01-10,NIFTY,SHORT,2024-01-10 14:25:00+05:30,21524.35,2024-01-10 14:30:00+05:30,21527.0,EARLY_EXIT,65,-2.65,-172.25,20.0,699.54,51.21,2.8,27.99,12.82,814.35,-986.6,314819.46,313832.86,0.0,False,113832.88
2024-01-18,NIFTY,SHORT,2024-01-18 12:30:00+05:30,21509.79,2024-01-18 14:27:00+05:30,21425.74,TP,65,84.05,5463.43,20.0,699.07,51.07,2.79,27.85,12.79,813.58,4649.85,313832.86,318482.71,0.0,False,118482.73
2024-02-01,NIFTY,LONG,2024-02-01 12:05:00+05:30,21713.04,2024-02-01 12:15:00+05:30,21733.42,EARLY_EXIT,65,20.38,1324.38,20.0,706.34,51.68,2.82,28.23,12.9,821.97,502.4,318482.71,318985.11,0.0,False,118985.13
2024-02-01,NIFTY,LONG,2024-02-01 12:45:00+05:30,21733.35,2024-02-01 13:15:00+05:30,21736.54,EARLY_EXIT,65,3.19,207.67,20.0,706.44,51.71,2.83,28.25,12.91,822.13,-614.46,318985.11,318370.66,0.0,False,118370.67
2024-02-07,NIFTY,LONG,2024-02-07 13:30:00+05:30,21890.9,2024-02-07 13:37:00+05:30,21920.3,TP,65,29.4,1911.0,20.0,712.41,52.11,2.85,28.46,12.98,828.81,1082.19,318370.66,319452.85,0.0,False,119452.86
2024-02-07,NIFTY,SHORT,2024-02-07 13:45:00+05:30,21924.81,2024-02-07 13:55:00+05:30,21919.85,EARLY_EXIT,65,4.96,322.4,20.0,712.56,52.15,2.85,28.5,12.99,829.04,-506.64,319452.85,318946.21,0.0,False,118946.22
2024-02-07,NIFTY,SHORT,2024-02-07 14:30:00+05:30,21957.45,2024-02-07 15:14:00+05:30,21934.55,PRE_CLOSE_FLATTEN,65,22.9,1488.5,20.0,713.62,52.21,2.85,28.51,13.0,830.19,658.31,318946.21,319604.52,0.0,False,119604.53
2024-02-09,NIFTY,SHORT,2024-02-09 09:35:00+05:30,21775.93,2024-02-09 09:37:00+05:30,21762.24,TP,65,13.69,890.17,20.0,707.72,51.79,2.83,28.29,12.92,823.55,66.62,319604.52,319671.14,0.0,False,119671.15
2024-02-13,NIFTY,LONG,2024-02-13 09:35:00+05:30,21608.43,2024-02-13 10:51:00+05:30,21730.69,TP,65,122.27,7947.38,20.0,706.25,51.55,2.82,28.09,12.88,821.59,7125.79,319671.14,326796.93,0.0,False,126796.94
2024-02-20,NIFTY,SHORT,2024-02-20 10:40:00+05:30,22116.15,2024-02-20 11:20:00+05:30,22120.05,EARLY_EXIT,65,-3.9,-253.5,20.0,718.77,52.62,2.88,28.76,13.07,836.1,-1089.6,326796.93,325707.33,0.0,False,125707.34
2024-02-20,NIFTY,SHORT,2024-02-20 14:35:00+05:30,22147.83,2024-02-20 15:00:00+05:30,22162.08,SL,65,-14.25,-925.93,20.0,719.8,52.71,2.88,28.81,13.09,837.29,-1763.22,325707.33,323944.12,0.0,False,123944.12
2024-02-21,NIFTY,LONG,2024-02-21 10:55:00+05:30,22168.6,2024-02-21 10:58:00+05:30,22192.0,TP,65,23.4,1521.0,20.0,721.24,52.77,2.88,28.82,13.1,838.81,682.19,323944.12,324626.31,0.0,False,124626.31
2024-02-22,NIFTY,SHORT,2024-02-22 12:20:00+05:30,21968.65,2024-02-22 12:35:00+05:30,21964.15,EARLY_EXIT,65,4.5,292.5,20.0,713.98,52.26,2.86,28.55,13.01,830.65,-538.15,324626.31,324088.16,0.0,False,124088.16
2024-02-23,NIFTY,LONG,2024-02-23 14:20:00+05:30,22229.25,2024-02-23 14:30:00+05:30,22229.75,EARLY_EXIT,65,0.5,32.5,20.0,722.47,52.88,2.89,28.9,13.12,840.26,-807.76,324088.16,323280.4,0.0,False,123280.4
2024-02-23,NIFTY,LONG,2024-02-23 14:35:00+05:30,22227.6,2024-02-23 14:45:00+05:30,22240.0,EARLY_EXIT,65,12.4,806.0,20.0,722.8,52.89,2.89,28.9,13.12,840.6,-34.6,323280.4,323245.8,0.0,False,123245.8
2024-02-23,NIFTY,LONG,2024-02-23 14:50:00+05:30,22240.67,2024-02-23 15:00:00+05:30,22220.65,EARLY_EXIT,65,-20.02,-1301.62,20.0,722.17,52.89,2.89,28.91,13.12,839.98,-2141.6,323245.8,321104.19,0.0,False,121104.2
2024-02-26,NIFTY,SHORT,2024-02-26 14:30:00+05:30,22161.8,2024-02-26 14:49:00+05:30,22125.65,TP,65,36.15,2349.75,20.0,720.26,52.68,2.88,28.76,13.08,837.66,1512.09,321104.19,322616.28,0.0,False,122616.29
2024-02-29,NIFTY,LONG,2024-02-29 09:50:00+05:30,21946.05,2024-02-29 10:05:00+05:30,22000.05,EARLY_EXIT,65,54.0,3510.0,20.0,715.0,52.27,2.86,28.53,13.01,831.67,2678.33,322616.28,325294.61,0.0,False,125294.62
2024-03-04,NIFTY,SHORT,2024-03-04 09:45:00+05:30,22386.69,2024-03-04 10:00:00+05:30,22370.7,EARLY_EXIT,65,15.99,1039.67,20.0,727.57,53.24,2.91,29.08,13.18,845.98,193.69,325294.61,325488.31,0.0,False,125488.31
2024-03-04,NIFTY,LONG,2024-03-04 11:10:00+05:30,22390.15,2024-03-04 12:50:00+05:30,22392.0,EARLY_EXIT,65,1.85,120.25,20.0,727.74,53.27,2.91,29.11,13.19,846.21,-725.96,325488.31,324762.35,0.0,False,124762.35
2024-03-04,NIFTY,LONG,2024-03-04 14:05:00+05:30,22406.45,2024-03-04 15:14:00+05:30,22403.45,PRE_CLOSE_FLATTEN,65,-3.0,-195.0,20.0,728.11,53.3,2.91,29.13,13.19,846.65,-1041.65,324762.35,323720.7,0.0,False,123720.7
2024-03-05,NIFTY,SHORT,2024-03-05 12:20:00+05:30,22339.15,2024-03-05 12:45:00+05:30,22335.1,EARLY_EXIT,65,4.05,263.25,20.0,726.02,53.14,2.9,29.04,13.17,844.27,-581.02,323720.7,323139.68,0.0,False,123139.68
2024-03-05,NIFTY,LONG,2024-03-05 14:30:00+05:30,22361.68,2024-03-05 15:05:00+05:30,22359.7,EARLY_EXIT,65,-1.98,-128.7,20.0,726.69,53.2,2.91,29.07,13.18,845.04,-973.74,323139.68,322165.94,0.0,False,122165.94
2024-03-12,NIFTY,LONG,2024-03-12 09:30:00+05:30,22330.45,2024-03-12 09:35:00+05:30,22400.05,TP,65,69.6,4524.0,20.0,728.0,53.21,2.91,29.03,13.18,846.32,3677.68,322165.94,325843.62,0.0,False,125843.62
2024-03-12,NIFTY,LONG,2024-03-12 13:10:00+05:30,22362.3,2024-03-12 14:20:00+05:30,22356.06,EARLY_EXIT,65,-6.24,-405.92,20.0,726.57,53.19,2.91,29.07,13.17,844.92,-1250.84,325843.62,324592.77,0.0,False,124592.78
2024-03-14,NIFTY,SHORT,2024-03-14 10:15:00+05:30,22015.88,2024-03-14 10:30:00+05:30,22023.15,EARLY_EXIT,65,-7.26,-471.9,20.0,715.52,52.38,2.86,28.63,13.03,832.42,-1304.32,324592.77,323288.45,0.0,False,123288.46
2024-03-20,NIFTY,SHORT,2024-03-20 09:50:00+05:30,21876.42,2024-03-20 09:59:00+05:30,21830.58,TP,65,45.84,2979.6,20.0,710.98,51.99,2.84,28.38,12.96,827.15,2152.45,323288.45,325440.9,0.0,False,125440.91
2024-03-26,NIFTY,LONG,2024-03-26 12:20:00+05:30,22040.65,2024-03-26 13:35:00+05:30,22050.45,EARLY_EXIT,65,9.8,637.0,20.0,716.64,52.45,2.87,28.65,13.04,833.65,-196.65,325440.9,325244.25,0.0,False,125244.26
2024-04-03,NIFTY,SHORT,2024-04-03 13:50:00+05:30,22499.2,2024-04-03 14:00:00+05:30,22470.55,TP,65,28.65,1862.25,20.0,731.22,53.49,2.92,29.21,13.23,850.08,1012.17,325244.25,326256.42,0.0,False,126256.43
2024-04-03,NIFTY,LONG,2024-04-03 14:10:00+05:30,22485.47,2024-04-03 14:24:00+05:30,22469.58,SL,65,-15.89,-1032.8,20.0,730.26,53.47,2.92,29.23,13.23,849.11,-1881.91,326256.42,324374.51,0.0,False,124374.52
2024-04-12,NIFTY,SHORT,2024-04-12 12:15:00+05:30,22682.65,2024-04-12 12:17:00+05:30,22636.0,TP,65,46.65,3032.25,20.0,737.19,53.91,2.95,29.43,13.3,856.77,2175.48,324374.51,326549.99,0.0,False,126550.0
2024-04-18,NIFTY,SHORT,2024-04-18 10:40:00+05:30,22195.05,2024-04-18 11:00:00+05:30,22198.95,EARLY_EXIT,65,-3.9,-253.82,20.0,721.34,52.81,2.89,28.86,13.11,839.0,-1092.82,326549.99,325457.16,0.0,False,125457.18
2024-04-23,NIFTY,LONG,2024-04-23 13:25:00+05:30,22377.3,2024-04-23 15:05:00+05:30,22372.19,EARLY_EXIT,65,-5.1,-331.82,20.0,727.1,53.23,2.91,29.09,13.18,845.51,-1177.33,325457.16,324279.83,0.0,False,124279.85
2024-04-25,NIFTY,SHORT,2024-04-25 10:40:00+05:30,22444.05,2024-04-25 10:51:00+05:30,22375.35,TP,65,68.7,4465.48,20.0,729.43,53.31,2.91,29.09,13.2,847.94,3617.54,324279.83,327897.37,0.0,False,127897.39
2024-04-25,NIFTY,LONG,2024-04-25 11:05:00+05:30,22373.8,2024-04-25 12:20:00+05:30,22400.6,EARLY_EXIT,65,26.8,1742.0,20.0,728.02,53.26,2.91,29.09,13.19,846.46,895.54,327897.37,328792.91,0.0,False,128792.93
2024-04-25,NIFTY,LONG,2024-04-25 12:55:00+05:30,22398.3,2024-04-25 13:01:00+05:30,22452.0,TP,65,53.7,3490.5,20.0,729.69,53.35,2.92,29.12,13.2,848.28,2642.22,328792.91,331435.13,0.0,False,131435.15
2024-04-29,NIFTY,SHORT,2024-04-29 09:45:00+05:30,22479.31,2024-04-29 10:15:00+05:30,22482.45,EARLY_EXIT,65,-3.14,-204.1,20.0,730.58,53.48,2.92,29.23,13.23,849.44,-1053.54,331435.13,330381.59,0.0,False,130381.61
2024-05-08,NIFTY,LONG,2024-05-08 10:05:00+05:30,22258.4,2024-05-08 10:20:00+05:30,22265.25,EARLY_EXIT,65,6.85,445.57,20.0,723.62,52.96,2.89,28.94,13.13,841.54,-395.97,330381.59,329985.62,0.0,False,129985.64
2024-05-08,NIFTY,LONG,2024-05-08 14:40:00+05:30,22257.35,2024-05-08 14:49:00+05:30,22296.35,TP,65,39.0,2535.0,20.0,724.63,53.0,2.9,28.93,13.14,842.6,1692.4,329985.62,331678.02,0.0,False,131678.04
2024-05-10,NIFTY,SHORT,2024-05-10 14:10:00+05:30,22035.05,2024-05-10 15:00:00+05:30,22038.33,EARLY_EXIT,65,-3.28,-213.2,20.0,716.14,52.43,2.86,28.65,13.04,833.12,-1046.32,331678.02,330631.7,0.0,False,130631.72
2024-05-13,NIFTY,SHORT,2024-05-13 13:20:00+05:30,22015.0,2024-05-13 13:33:00+05:30,21943.91,TP,65,71.09,4620.69,20.0,715.49,52.29,2.86,28.53,13.01,832.17,3788.52,330631.7,334420.23,0.0,False,134420.24
2024-05-21,NIFTY,LONG,2024-05-21 10:20:00+05:30,22466.6,2024-05-21 10:30:00+05:30,22477.5,EARLY_EXIT,65,10.9,708.5,20.0,730.52,53.46,2.92,29.21,13.22,849.33,-140.83,334420.23,334279.4,0.0,False,134279.41
2024-05-24,NIFTY,SHORT,2024-05-24 14:25:00+05:30,23000.29,2024-05-24 15:00:00+05:30,22951.88,TP,65,48.41,3146.67,20.0,747.51,54.66,2.99,29.84,13.44,868.43,2278.24,334279.4,336557.64,0.0,False,136557.65
2024-05-28,NIFTY,SHORT,2024-05-28 13:30:00+05:30,22946.65,2024-05-28 15:14:00+05:30,22894.0,PRE_CLOSE_FLATTEN,65,52.65,3422.25,20.0,745.77,54.53,2.98,29.76,13.41,866.45,2555.8,336557.64,339113.44,0.0,False,139113.45
2024-05-31,NIFTY,LONG,2024-05-31 10:15:00+05:30,22542.56,2024-05-31 10:19:00+05:30,22581.61,TP,65,39.05,2537.93,20.0,733.9,53.68,2.93,29.31,13.26,853.08,1684.85,339113.44,340798.28,0.0,False,140798.3
2024-06-21,NIFTY,SHORT,2024-06-21 14:20:00+05:30,23542.25,2024-06-21 14:25:00+05:30,23449.77,TP,65,92.48,6011.22,20.0,765.12,55.9,3.05,30.48,13.66,888.22,5123.0,340798.28,345921.28,0.0,False,145921.3
2024-06-27,NIFTY,LONG,2024-06-27 09:35:00+05:30,23823.31,2024-06-27 09:46:00+05:30,23877.02,TP,65,53.72,3491.48,20.0,776.0,56.74,3.1,30.97,13.81,900.63,2590.85,345921.28,348512.13,0.0,False,148512.15
2024-06-27,NIFTY,LONG,2024-06-27 11:05:00+05:30,23887.65,2024-06-27 12:12:00+05:30,23984.8,TP,65,97.15,6314.49,20.0,779.51,56.94,3.11,31.05,13.85,904.47,5410.02,348512.13,353922.15,0.0,False,153922.17
2024-06-28,NIFTY,LONG,2024-06-28 14:45:00+05:30,24082.73,2024-06-28 14:55:00+05:30,24093.24,EARLY_EXIT,65,10.51,683.15,20.0,783.03,57.31,3.13,31.31,13.91,908.69,-225.54,353922.15,353696.61,0.0,False,153696.63
2024-07-04,NIFTY,LONG,2024-07-04 11:00:00+05:30,24325.85,2024-07-04 13:45:00+05:30,24336.95,EARLY_EXIT,65,11.1,721.5,20.0,790.95,57.88,3.16,31.62,14.02,917.64,-196.14,353696.61,353500.47,0.0,False,153500.49
2024-07-11,NIFTY,SHORT,2024-07-11 10:10:00+05:30,24346.65,2024-07-11 10:13:00+05:30,24297.15,TP,65,49.5,3217.5,20.0,791.27,57.86,3.16,31.59,14.02,917.89,2299.61,353500.47,355800.08,0.0,False,155800.1
2024-07-16,NIFTY,LONG,2024-07-16 12:35:00+05:30,24630.0,2024-07-16 13:25:00+05:30,24630.4,EARLY_EXIT,65,0.4,26.0,20.0,800.49,58.6,3.2,32.02,14.15,928.45,-902.45,355800.08,354897.63,0.0,False,154897.65
2024-07-18,NIFTY,SHORT,2024-07-18 10:45:00+05:30,24644.15,2024-07-18 11:12:00+05:30,24570.32,TP,65,73.83,4799.03,20.0,800.93,58.54,3.2,31.94,14.14,928.75,3870.28,354897.63,358767.91,0.0,False,158767.93
2024-07-22,NIFTY,SHORT,2024-07-22 11:00:00+05:30,24549.75,2024-07-22 12:40:00+05:30,24469.05,TP,65,80.71,5246.1,20.0,797.87,58.31,3.19,31.81,14.1,925.27,4320.83,358767.91,363088.75,0.0,False,163088.76
2024-07-22,NIFTY,SHORT,2024-07-22 14:05:00+05:30,24516.8,2024-07-22 15:14:00+05:30,24516.7,PRE_CLOSE_FLATTEN,65,0.1,6.5,20.0,796.8,58.33,3.19,31.87,14.1,924.28,-917.78,363088.75,362170.97,0.0,False,162170.98
2024-07-24,NIFTY,SHORT,2024-07-24 09:35:00+05:30,24492.88,2024-07-24 09:38:00+05:30,24442.27,TP,65,50.61,3289.65,20.0,796.02,58.21,3.18,31.77,14.08,923.26,2366.39,362170.97,364537.36,0.0,False,164537.37
2024-07-24,NIFTY,LONG,2024-07-24 09:55:00+05:30,24462.24,2024-07-24 10:25:00+05:30,24458.2,EARLY_EXIT,65,-4.03,-262.27,20.0,794.89,58.19,3.18,31.8,14.07,922.14,-1184.41,364537.36,363352.94,0.0,False,163352.96
2024-07-24,NIFTY,LONG,2024-07-24 10:35:00+05:30,24419.63,2024-07-24 11:25:00+05:30,24426.55,EARLY_EXIT,65,6.92,449.48,20.0,793.86,58.1,3.18,31.75,14.06,920.94,-471.46,363352.94,362881.48,0.0,False,162881.5
2024-07-30,NIFTY,SHORT,2024-07-30 09:45:00+05:30,24873.26,2024-07-30 09:48:00+05:30,24830.69,TP,65,42.57,2767.05,20.0,808.38,59.12,3.23,32.28,14.24,937.26,1829.79,362881.48,364711.27,0.0,False,164711.29
2024-08-14,NIFTY,SHORT,2024-08-14 10:50:00+05:30,24152.2,2024-08-14 12:05:00+05:30,24150.15,EARLY_EXIT,65,2.05,133.25,20.0,784.95,57.46,3.14,31.4,13.94,910.88,-777.63,364711.27,363933.64,0.0,False,163933.66
2024-08-19,NIFTY,LONG,2024-08-19 11:15:00+05:30,24548.2,2024-08-19 12:25:00+05:30,24563.3,EARLY_EXIT,65,15.1,981.5,20.0,798.31,58.42,3.19,31.91,14.12,925.95,55.55,363933.64,363989.19,0.0,False,163989.21
2024-08-19,NIFTY,LONG,2024-08-19 12:35:00+05:30,24565.5,2024-08-19 13:35:00+05:30,24568.6,EARLY_EXIT,65,3.1,201.5,20.0,798.48,58.45,3.19,31.94,14.12,926.17,-724.67,363989.19,363264.52,0.0,False,163264.54
2024-08-21,NIFTY,LONG,2024-08-21 09:45:00+05:30,24692.3,2024-08-21 09:50:00+05:30,24708.02,EARLY_EXIT,65,15.72,1022.12,20.0,803.01,58.76,3.21,32.1,14.18,931.26,90.86,363264.52,363355.38,0.0,False,163355.4
2024-08-23,NIFTY,LONG,2024-08-23 13:40:00+05:30,24824.6,2024-08-23 14:24:00+05:30,24841.7,TP,65,17.1,1111.5,20.0,807.36,59.08,3.23,32.27,14.23,936.17,175.33,363355.38,363530.71,0.0,False,163530.73
2024-08-23,NIFTY,SHORT,2024-08-23 14:35:00+05:30,24837.55,2024-08-23 15:01:00+05:30,24803.65,TP,65,33.9,2203.5,20.0,807.22,59.05,3.23,32.24,14.23,935.97,1267.53,363530.71,364798.24,0.0,False,164798.26
2024-08-27,NIFTY,LONG,2024-08-27 09:50:00+05:30,25005.62,2024-08-27 10:25:00+05:30,25022.65,EARLY_EXIT,65,17.03,1106.95,20.0,813.24,59.51,3.25,32.51,14.31,942.82,164.13,364798.24,364962.37,0.0,False,164962.39
2024-08-27,NIFTY,LONG,2024-08-27 10:45:00+05:30,25010.5,2024-08-27 11:20:00+05:30,25068.48,TP,65,57.98,3768.88,20.0,814.73,59.57,3.26,32.51,14.32,944.39,2824.49,364962.37,367786.86,0.0,False,167786.88
2024-08-29,NIFTY,LONG,2024-08-29 14:50:00+05:30,25024.33,2024-08-29 14:53:00+05:30,25101.82,TP,65,77.49,5036.85,20.0,815.81,59.63,3.26,32.53,14.33,945.56,4091.29,367786.86,371878.15,0.0,False,171878.17
2024-09-02,NIFTY,LONG,2024-09-02 14:00:00+05:30,25258.2,2024-09-02 14:25:00+05:30,25267.65,EARLY_EXIT,65,9.45,614.25,20.0,821.2,60.1,3.28,32.84,14.42,951.84,-337.59,371878.15,371540.56,0.0,False,171540.58
2024-09-10,NIFTY,LONG,2024-09-10 10:20:00+05:30,24926.85,2024-09-10 11:41:00+05:30,24999.7,TP,65,72.85,4735.0,20.0,812.49,59.39,3.25,32.4,14.29,941.82,3793.18,371540.56,375333.74,0.0,False,175333.76
2024-09-11,NIFTY,LONG,2024-09-11 10:10:00+05:30,25031.25,2024-09-11 12:01:00+05:30,25100.29,TP,65,69.04,4487.72,20.0,815.76,59.63,3.26,32.54,14.33,945.52,3542.2,375333.74,378875.94,0.0,False,178875.96
2024-09-12,NIFTY,SHORT,2024-09-12 10:40:00+05:30,25018.17,2024-09-12 11:26:00+05:30,24947.15,TP,65,71.02,4616.62,20.0,813.09,59.43,3.25,32.43,14.3,942.5,3674.12,378875.94,382550.07,0.0,False,182550.08
2024-09-12,NIFTY,LONG,2024-09-12 11:35:00+05:30,24992.22,2024-09-12 12:20:00+05:30,24993.51,EARLY_EXIT,65,1.28,83.52,20.0,812.29,59.46,3.25,32.49,14.3,941.79,-858.27,382550.07,381691.8,0.0,False,181691.81
2024-09-12,NIFTY,LONG,2024-09-12 12:35:00+05:30,24992.04,2024-09-12 14:01:00+05:30,25076.52,TP,65,84.48,5491.13,20.0,814.99,59.56,3.25,32.49,14.32,944.61,4546.52,381691.8,386238.32,0.0,False,186238.33
2024-09-13,NIFTY,LONG,2024-09-13 14:35:00+05:30,25362.3,2024-09-13 14:38:00+05:30,25354.55,SL,65,-7.75,-503.75,20.0,824.02,60.33,3.3,32.97,14.46,955.08,-1458.83,386238.32,384779.49,0.0,False,184779.5
2024-09-26,NIFTY,LONG,2024-09-26 13:55:00+05:30,26085.0,2024-09-26 14:05:00+05:30,26082.64,EARLY_EXIT,65,-2.36,-153.4,20.0,847.69,62.05,3.39,33.91,14.77,981.81,-1135.21,384779.49,383644.28,0.0,False,183644.29
2024-09-26,NIFTY,LONG,2024-09-26 14:10:00+05:30,26085.87,2024-09-26 14:36:00+05:30,26146.08,TP,65,60.21,3913.67,20.0,849.75,62.13,3.4,33.91,14.78,983.97,2929.7,383644.28,386573.98,0.0,False,186573.99
2024-09-27,NIFTY,LONG,2024-09-27 12:00:00+05:30,26222.98,2024-09-27 12:40:00+05:30,26218.3,EARLY_EXIT,65,-4.68,-304.2,20.0,852.09,62.38,3.41,34.09,14.83,986.8,-1291.0,386573.98,385282.98,0.0,False,185282.99
2024-10-01,NIFTY,SHORT,2024-10-01 12:25:00+05:30,25804.31,2024-10-01 13:25:00+05:30,25809.2,EARLY_EXIT,65,-4.89,-317.85,20.0,838.64,61.39,3.35,33.55,14.65,971.59,-1289.44,385282.98,383993.54,0.0,False,183993.55
2024-10-04,NIFTY,SHORT,2024-10-04 10:10:00+05:30,25212.41,2024-10-04 10:34:00+05:30,25256.94,SL,65,-44.53,-2894.22,20.0,819.4,60.03,3.28,32.83,14.41,949.96,-3844.18,383993.54,380149.37,0.0,False,180149.37
2024-10-10,NIFTY,LONG,2024-10-10 09:55:00+05:30,25044.31,2024-10-10 11:10:00+05:30,25038.93,EARLY_EXIT,65,-5.38,-350.02,20.0,813.77,59.57,3.26,32.56,14.32,943.48,-1293.5,380149.37,378855.86,0.0,False,178855.87
2024-10-11,NIFTY,SHORT,2024-10-11 12:40:00+05:30,24961.9,2024-10-11 13:15:00+05:30,24962.05,EARLY_EXIT,65,-0.15,-9.75,20.0,811.26,59.38,3.25,32.45,14.29,940.63,-950.38,378855.86,377905.48,0.0,False,177905.49
2024-10-15,NIFTY,SHORT,2024-10-15 09:40:00+05:30,25172.3,2024-10-15 09:49:00+05:30,25116.12,TP,65,56.18,3651.98,20.0,818.1,59.82,3.27,32.65,14.37,948.2,2703.78,377905.48,380609.26,0.0,False,180609.27
2024-10-16,NIFTY,LONG,2024-10-16 09:30:00+05:30,25028.76,2024-10-16 10:25:00+05:30,25044.75,EARLY_EXIT,65,16.0,1040.0,20.0,813.95,59.56,3.25,32.54,14.32,943.63,96.37,380609.26,380705.63,0.0,False,180705.64
2024-10-18,NIFTY,SHORT,2024-10-18 11:00:00+05:30,24720.25,2024-10-18 11:30:00+05:30,24720.25,EARLY_EXIT,65,0.0,0.0,20.0,803.41,58.81,3.21,32.14,14.19,931.75,-931.75,380705.63,379773.88,0.0,False,179773.89
2024-10-21,NIFTY,SHORT,2024-10-21 09:30:00+05:30,24887.72,2024-10-21 09:38:00+05:30,24793.5,TP,65,94.22,6124.51,20.0,808.85,59.1,3.23,32.23,14.24,937.64,5186.87,379773.88,384960.75,0.0,False,184960.76
2024-10-23,NIFTY,LONG,2024-10-23 12:30:00+05:30,24541.12,2024-10-23 13:35:00+05:30,24564.01,EARLY_EXIT,65,22.89,1488.17,20.0,798.33,58.41,3.19,31.9,14.11,925.95,562.22,384960.75,385522.97,0.0,False,185522.98
2024-11-05,NIFTY,LONG,2024-11-05 09:55:00+05:30,23973.81,2024-11-05 10:39:00+05:30,23937.05,SL,65,-36.76,-2389.65,20.0,777.95,56.99,3.11,31.17,13.86,903.08,-3292.73,385522.97,382230.25,0.0,False,182230.25
2024-11-08,NIFTY,LONG,2024-11-08 09:40:00+05:30,24160.56,2024-11-08 09:46:00+05:30,24264.61,TP,65,104.04,6762.76,20.0,788.6,57.6,3.15,31.41,13.97,914.73,5848.03,382230.25,388078.28,0.0,False,188078.28
2024-11-08,NIFTY,SHORT,2024-11-08 09:50:00+05:30,24228.17,2024-11-08 13:10:00+05:30,24165.09,EARLY_EXIT,65,63.08,4100.52,20.0,787.42,57.56,3.15,31.41,13.96,913.5,3187.02,388078.28,391265.3,0.0,False,191265.3
2024-11-12,NIFTY,SHORT,2024-11-12 09:35:00+05:30,24159.72,2024-11-12 09:55:00+05:30,24139.31,EARLY_EXIT,65,20.41,1326.65,20.0,785.19,57.45,3.14,31.38,13.94,911.1,415.55,391265.3,391680.85,0.0,False,191680.85
2024-11-14,NIFTY,SHORT,2024-11-14 10:15:00+05:30,23614.9,2024-11-14 11:13:00+05:30,23497.8,TP,65,117.1,7611.19,20.0,767.48,56.04,3.06,30.55,13.69,890.82,6720.37,391680.85,398401.23,0.0,False,198401.22
2024-11-14,NIFTY,SHORT,2024-11-14 13:30:00+05:30,23551.55,2024-11-14 15:06:00+05:30,23493.8,TP,65,57.75,3753.75,20.0,765.43,55.96,3.06,30.54,13.67,888.66,2865.09,398401.23,401266.32,0.0,False,201266.31
2024-11-18,NIFTY,SHORT,2024-11-18 13:10:00+05:30,23494.68,2024-11-18 15:14:00+05:30,23454.55,PRE_CLOSE_FLATTEN,65,40.13,2608.45,20.0,763.58,55.85,3.05,30.49,13.65,886.62,1721.83,401266.32,402988.15,0.0,False,202988.14
2024-11-29,NIFTY,SHORT,2024-11-29 10:10:00+05:30,24013.25,2024-11-29 10:25:00+05:30,23980.49,EARLY_EXIT,65,32.76,2129.08,20.0,780.43,57.09,3.12,31.17,13.88,905.69,1223.39,402988.15,404211.53,0.0,False,204211.53
2024-12-05,NIFTY,SHORT,2024-12-05 09:35:00+05:30,24522.57,2024-12-05 09:38:00+05:30,24470.43,TP,65,52.14,3389.1,20.0,796.98,58.28,3.18,31.81,14.09,924.35,2464.75,404211.53,406676.28,0.0,False,206676.28
2024-12-06,NIFTY,LONG,2024-12-06 10:20:00+05:30,24658.4,2024-12-06 11:45:00+05:30,24684.2,EARLY_EXIT,65,25.8,1677.0,20.0,802.24,58.69,3.21,32.06,14.16,930.36,746.64,406676.28,407422.92,0.0,False,207422.92
2024-12-11,NIFTY,LONG,2024-12-11 13:00:00+05:30,24640.9,2024-12-11 14:25:00+05:30,24647.95,EARLY_EXIT,65,7.05,458.25,20.0,801.06,58.63,3.2,32.03,14.15,929.08,-470.83,407422.92,406952.09,0.0,False,206952.09
2024-12-11,NIFTY,LONG,2024-12-11 14:35:00+05:30,24653.2,2024-12-11 14:40:00+05:30,24648.9,EARLY_EXIT,65,-4.3,-279.5,20.0,801.09,58.64,3.2,32.05,14.16,929.14,-1208.64,406952.09,405743.45,0.0,False,205743.45
2024-12-16,NIFTY,LONG,2024-12-16 09:40:00+05:30,24712.52,2024-12-16 10:15:00+05:30,24701.54,EARLY_EXIT,65,-10.98,-713.7,20.0,802.8,58.78,3.21,32.13,14.18,931.1,-1644.8,405743.45,404098.65,0.0,False,204098.65
2024-12-18,NIFTY,SHORT,2024-12-18 09:50:00+05:30,24378.59,2024-12-18 09:52:00+05:30,24330.99,TP,65,47.6,3093.68,20.0,792.3,57.94,3.17,31.63,14.03,919.07,2174.61,404098.65,406273.26,0.0,False,206273.26
2024-12-20,NIFTY,LONG,2024-12-20 09:35:00+05:30,23931.84,2024-12-20 09:39:00+05:30,24022.01,TP,65,90.17,5861.05,20.0,780.72,57.04,3.12,31.11,13.87,905.85,4955.2,406273.26,411228.46,0.0,False,211228.46
2024-12-31,NIFTY,SHORT,2024-12-31 12:00:00+05:30,23594.8,2024-12-31 12:20:00+05:30,23599.85,EARLY_EXIT,65,-5.05,-328.25,20.0,766.83,56.14,3.07,30.68,13.7,890.42,-1218.67,411228.46,410009.79,0.0,False,210009.79
2025-01-03,NIFTY,SHORT,2025-01-03 12:15:00+05:30,24100.88,2025-01-03 13:00:00+05:30,24083.85,EARLY_EXIT,65,17.03,1106.95,20.0,783.28,57.32,3.13,31.31,13.92,908.95,198.0,410009.79,410207.79,0.0,False,210207.79
2025-01-07,NIFTY,LONG,2025-01-07 10:10:00+05:30,23656.06,2025-01-07 10:14:00+05:30,23710.86,TP,65,54.8,3561.68,20.0,770.6,56.34,3.08,30.75,13.74,894.52,2667.16,410207.79,412874.94,0.0,False,212874.95
2025-01-09,NIFTY,LONG,2025-01-09 10:10:00+05:30,23632.48,2025-01-09 10:40:00+05:30,23623.3,EARLY_EXIT,65,-9.18,-596.7,20.0,767.76,56.21,3.07,30.72,13.72,891.48,-1488.18,412874.94,411386.76,0.0,False,211386.77
2025-01-21,NIFTY,SHORT,2025-01-21 12:10:00+05:30,23329.51,2025-01-21 12:16:00+05:30,23179.45,TP,65,150.06,9753.61,20.0,758.21,55.32,3.02,30.13,13.56,880.25,8873.36,411386.76,420260.13,0.0,False,220260.13
2025-02-01,NIFTY,SHORT,2025-02-01 14:30:00+05:30,23528.8,2025-02-01 14:40:00+05:30,23471.35,TP,65,57.45,3734.25,20.0,764.69,55.91,3.06,30.51,13.66,887.82,2846.43,420260.13,423106.56,0.0,False,223106.56
2025-02-05,NIFTY,LONG,2025-02-05 11:20:00+05:30,23719.35,2025-02-05 11:23:00+05:30,23736.75,TP,65,17.4,1131.0,20.0,771.44,56.45,3.08,30.84,13.76,895.57,235.43,423106.56,423341.99,0.0,False,223341.99
2025-02-07,NIFTY,LONG,2025-02-07 09:35:00+05:30,23603.6,2025-02-07 09:45:00+05:30,23578.86,SL,65,-24.74,-1608.09,20.0,766.31,56.12,3.07,30.68,13.7,889.89,-2497.98,423341.99,420844.0,0.0,False,220844.01
2025-02-07,NIFTY,LONG,2025-02-07 10:05:00+05:30,23579.7,2025-02-07 10:09:00+05:30,23618.25,TP,65,38.55,2505.75,20.0,767.59,56.14,3.07,30.65,13.71,891.16,1614.59,420844.0,422458.59,0.0,False,222458.6
2025-02-07,NIFTY,SHORT,2025-02-07 10:15:00+05:30,23609.98,2025-02-07 10:27:00+05:30,23501.36,TP,65,108.62,7060.52,20.0,767.32,56.04,3.06,30.55,13.69,890.66,6169.86,422458.59,428628.45,0.0,False,228628.46
2025-02-17,NIFTY,SHORT,2025-02-17 11:00:00+05:30,22887.62,2025-02-17 12:55:00+05:30,22854.3,EARLY_EXIT,65,33.33,2166.13,20.0,743.85,54.41,2.97,29.71,13.39,864.34,1301.79,428628.45,429930.24,0.0,False,229930.25
2025-02-25,NIFTY,LONG,2025-02-25 09:30:00+05:30,22551.09,2025-02-25 09:49:00+05:30,22617.82,TP,65,66.73,4337.38,20.0,735.08,53.73,2.94,29.32,13.27,854.33,3483.05,429930.24,433413.29,0.0,False,233413.3
2025-02-25,NIFTY,SHORT,2025-02-25 10:15:00+05:30,22594.25,2025-02-25 12:15:00+05:30,22574.35,EARLY_EXIT,65,19.9,1293.5,20.0,734.31,53.73,2.94,29.35,13.27,853.59,439.91,433413.29,433853.2,0.0,False,233853.21
2025-03-03,NIFTY,SHORT,2025-03-03 13:55:00+05:30,22118.54,2025-03-03 14:20:00+05:30,22117.01,EARLY_EXIT,65,1.53,99.45,20.0,718.85,52.62,2.88,28.75,13.07,836.17,-736.72,433853.2,433116.48,0.0,False,233116.49
2025-03-06,NIFTY,SHORT,2025-03-06 09:30:00+05:30,22341.61,2025-03-06 10:15:00+05:30,22338.13,EARLY_EXIT,65,3.48,226.2,20.0,726.1,53.15,2.9,29.04,13.17,844.36,-618.16,433116.48,432498.32,0.0,False,232498.33
2025-03-07,NIFTY,SHORT,2025-03-07 09:35:00+05:30,22537.35,2025-03-07 09:55:00+05:30,22528.55,EARLY_EXIT,65,8.8,572.0,20.0,732.46,53.61,2.93,29.29,13.25,851.54,-279.54,432498.32,432218.78,0.0,False,232218.79
2025-03-11,NIFTY,SHORT,2025-03-11 11:15:00+05:30,22447.1,2025-03-11 12:25:00+05:30,22449.2,EARLY_EXIT,65,-2.1,-136.5,20.0,729.53,53.4,2.92,29.18,13.21,848.25,-984.75,432218.78,431234.03,0.0,False,231234.04
2025-03-13,NIFTY,LONG,2025-03-13 11:10:00+05:30,22508.55,2025-03-13 11:25:00+05:30,22491.8,EARLY_EXIT,65,-16.75,-1088.75,20.0,730.98,53.53,2.93,29.26,13.24,849.93,-1938.68,431234.03,429295.35,0.0,False,229295.36
2025-03-25,NIFTY,LONG,2025-03-25 11:50:00+05:30,23641.65,2025-03-25 11:51:00+05:30,23625.45,SL,65,-16.2,-1053.0,20.0,767.83,56.22,3.07,30.73,13.72,891.58,-1944.58,429295.35,427350.77,0.0,False,227350.78
2025-03-25,NIFTY,LONG,2025-03-25 13:30:00+05:30,23674.57,2025-03-25 14:50:00+05:30,23693.35,EARLY_EXIT,65,18.78,1220.7,20.0,770.03,56.34,3.08,30.78,13.74,893.98,326.72,427350.77,427677.49,0.0,False,227677.5
2025-04-01,NIFTY,LONG,2025-04-01 09:30:00+05:30,23479.25,2025-04-01 10:00:00+05:30,23498.04,EARLY_EXIT,65,18.8,1222.0,20.0,763.69,55.88,3.05,30.52,13.66,886.8,335.2,427677.49,428012.69,0.0,False,228012.7
2025-04-16,NIFTY,SHORT,2025-04-16 10:15:00+05:30,23341.74,2025-04-16 11:00:00+05:30,23279.13,TP,65,62.61,4069.61,20.0,758.61,55.46,3.03,30.26,13.58,880.94,3188.67,428012.69,431201.36,0.0,False,231201.37
2025-04-17,NIFTY,SHORT,2025-04-17 10:05:00+05:30,23403.3,2025-04-17 10:30:00+05:30,23395.75,EARLY_EXIT,65,7.55,490.75,20.0,760.61,55.67,3.04,30.41,13.62,883.35,-392.6,431201.36,430808.76,0.0,False,230808.77
2025-04-22,NIFTY,LONG,2025-04-22 11:40:00+05:30,24197.4,2025-04-22 12:35:00+05:30,24181.8,EARLY_EXIT,65,-15.6,-1014.0,20.0,785.91,57.55,3.14,31.46,13.96,912.02,-1926.02,430808.76,428882.74,0.0,False,228882.75
2025-05-14,NIFTY,LONG,2025-05-14 14:40:00+05:30,24624.11,2025-05-14 15:14:00+05:30,24668.55,PRE_CLOSE_FLATTEN,65,44.44,2888.6,20.0,801.73,58.63,3.2,32.01,14.15,929.73,1958.87,428882.74,430841.61,0.0,False,230841.62
2025-05-16,NIFTY,LONG,2025-05-16 10:00:00+05:30,25001.02,2025-05-16 11:05:00+05:30,24984.6,EARLY_EXIT,65,-16.42,-1067.3,20.0,812.0,59.46,3.25,32.5,14.3,941.51,-2008.81,430841.61,428832.8,0.0,False,228832.81
2025-05-16,NIFTY,LONG,2025-05-16 11:30:00+05:30,24963.3,2025-05-16 11:34:00+05:30,24994.05,TP,65,30.75,1998.75,20.0,812.31,59.42,3.25,32.45,14.3,941.73,1057.02,428832.8,429889.82,0.0,False,229889.83
2025-05-19,NIFTY,SHORT,2025-05-19 09:35:00+05:30,25019.03,2025-05-19 10:05:00+05:30,25031.55,EARLY_EXIT,65,-12.52,-814.12,20.0,813.12,59.54,3.25,32.54,14.32,942.76,-1756.88,429889.82,428132.93,0.0,False,228132.95
2025-06-10,NIFTY,LONG,2025-06-10 09:30:00+05:30,25075.23,2025-06-10 09:51:00+05:30,25134.57,TP,65,59.34,3857.1,20.0,816.87,59.72,3.26,32.6,14.35,946.81,2910.29,428132.93,431043.22,0.0,False,231043.24
2025-06-12,NIFTY,SHORT,2025-06-12 09:35:00+05:30,25182.17,2025-06-12 09:37:00+05:30,25197.62,SL,65,-15.46,-1004.58,20.0,818.42,59.93,3.27,32.76,14.39,948.77,-1953.35,431043.22,429089.88,0.0,False,229089.89
2025-06-16,NIFTY,SHORT,2025-06-16 09:45:00+05:30,24753.54,2025-06-16 10:05:00+05:30,24747.06,EARLY_EXIT,65,6.49,421.85,20.0,804.49,58.88,3.22,32.17,14.2,932.96,-511.11,429089.88,428578.77,0.0,False,228578.78
2025-06-19,NIFTY,LONG,2025-06-19 13:05:00+05:30,24792.9,2025-06-19 13:15:00+05:30,24790.6,EARLY_EXIT,65,-2.3,-149.5,20.0,805.69,58.98,3.22,32.23,14.22,934.34,-1083.84,428578.77,427494.93,0.0,False,227494.94
2025-06-19,NIFTY,LONG,2025-06-19 13:50:00+05:30,24793.15,2025-06-19 14:01:00+05:30,24830.95,TP,65,37.8,2457.0,20.0,807.01,59.03,3.23,32.23,14.23,935.72,1521.28,427494.93,429016.21,0.0,False,229016.22
2025-06-19,NIFTY,SHORT,2025-06-19 14:40:00+05:30,24808.67,2025-06-19 15:14:00+05:30,24792.75,PRE_CLOSE_FLATTEN,65,15.92,1034.48,20.0,806.28,59.0,3.22,32.23,14.22,934.96,99.52,429016.21,429115.72,0.0,False,229115.74
2025-06-30,NIFTY,SHORT,2025-06-30 12:25:00+05:30,25589.7,2025-06-30 12:33:00+05:30,25560.9,TP,65,28.8,1872.0,20.0,831.67,60.84,3.32,33.23,14.55,963.61,908.39,429115.72,430024.11,0.0,False,230024.13
2025-07-07,NIFTY,SHORT,2025-07-07 10:00:00+05:30,25466.8,2025-07-07 10:50:00+05:30,25452.05,EARLY_EXIT,65,14.75,958.75,20.0,827.67,60.57,3.31,33.09,14.5,959.14,-0.39,430024.11,430023.72,0.0,False,230023.74
2025-07-10,NIFTY,SHORT,2025-07-10 12:40:00+05:30,25403.0,2025-07-10 13:09:00+05:30,25379.75,TP,65,23.25,1511.25,20.0,825.6,60.41,3.3,32.99,14.47,956.77,554.48,430023.72,430578.2,0.0,False,230578.22
2025-07-10,NIFTY,SHORT,2025-07-10 14:45:00+05:30,25407.95,2025-07-10 15:00:00+05:30,25354.58,TP,65,53.37,3468.74,20.0,825.76,60.38,3.3,32.96,14.47,956.87,2511.87,430578.2,433090.08,0.0,False,233090.09
2025-07-21,NIFTY,LONG,2025-07-21 09:40:00+05:30,24927.59,2025-07-21 09:50:00+05:30,25001.02,TP,65,73.44,4773.4,20.0,812.53,59.39,3.25,32.41,14.29,941.86,3831.54,433090.08,436921.62,0.0,False,236921.63
2025-07-21,NIFTY,LONG,2025-07-21 11:55:00+05:30,25041.03,2025-07-21 12:30:00+05:30,25019.35,SL,65,-21.68,-1409.02,20.0,813.13,59.55,3.25,32.55,14.32,942.8,-2351.82,436921.62,434569.81,0.0,False,234569.81
2025-07-28,NIFTY,SHORT,2025-07-28 10:35:00+05:30,24856.15,2025-07-28 10:46:00+05:30,24776.86,TP,65,79.29,5153.64,20.0,807.82,59.04,3.23,32.21,14.23,936.53,4217.11,434569.81,438786.91,0.0,False,238786.92
2025-07-29,NIFTY,SHORT,2025-07-29 11:40:00+05:30,24683.1,2025-07-29 12:10:00+05:30,24689.3,EARLY_EXIT,65,-6.2,-403.0,20.0,802.2,58.73,3.21,32.1,14.17,930.41,-1333.41,438786.91,437453.5,0.0,False,237453.51
2025-07-30,NIFTY,LONG,2025-07-30 10:50:00+05:30,24814.85,2025-07-30 11:22:00+05:30,24884.66,TP,65,69.8,4537.18,20.0,808.75,59.12,3.23,32.26,14.24,937.6,3599.58,437453.5,441053.08,0.0,False,241053.09
2025-07-30,NIFTY,LONG,2025-07-30 13:30:00+05:30,24837.25,2025-07-30 13:31:00+05:30,24830.6,SL,65,-6.65,-432.25,20.0,806.99,59.08,3.23,32.29,14.23,935.83,-1368.08,441053.08,439685.0,0.0,False,239685.01
2025-07-31,NIFTY,SHORT,2025-07-31 12:00:00+05:30,24790.3,2025-07-31 12:10:00+05:30,24776.75,EARLY_EXIT,65,13.55,880.75,20.0,805.68,58.96,3.22,32.21,14.21,934.29,-53.54,439685.0,439631.46,0.0,False,239631.47
2025-08-04,NIFTY,SHORT,2025-08-04 10:25:00+05:30,24637.65,2025-08-04 10:35:00+05:30,24637.35,EARLY_EXIT,65,0.3,19.18,20.0,800.72,58.61,3.2,32.03,14.15,928.72,-909.54,439631.46,438721.92,0.0,False,238721.93
2025-08-04,NIFTY,SHORT,2025-08-04 10:45:00+05:30,24638.25,2025-08-04 11:00:00+05:30,24633.12,EARLY_EXIT,65,5.12,333.12,20.0,800.74,58.61,3.2,32.02,14.15,928.73,-595.61,438721.92,438126.31,0.0,False,238126.32
2025-08-06,NIFTY,SHORT,2025-08-06 09:30:00+05:30,24649.7,2025-08-06 10:04:00+05:30,24588.15,TP,65,61.55,4000.67,20.0,801.12,58.57,3.2,31.96,14.14,928.99,3071.68,438126.31,441197.99,0.0,False,241198.0
2025-08-06,NIFTY,LONG,2025-08-06 10:15:00+05:30,24600.79,2025-08-06 10:25:00+05:30,24622.02,EARLY_EXIT,65,21.23,1379.95,20.0,800.22,58.55,3.2,31.98,14.14,928.09,451.86,441197.99,441649.85,0.0,False,241649.86
2025-08-21,NIFTY,LONG,2025-08-21 12:30:00+05:30,25093.4,2025-08-21 12:31:00+05:30,25089.85,SL,65,-3.55,-230.75,20.0,815.42,59.69,3.26,32.62,14.34,945.34,-1176.09,441649.85,440473.76,0.0,False,240473.77
2025-08-21,NIFTY,LONG,2025-08-21 13:45:00+05:30,25098.85,2025-08-21 14:16:00+05:30,25141.62,TP,65,42.77,2779.84,20.0,817.1,59.76,3.27,32.63,14.36,947.11,1832.73,440473.76,442306.48,0.0,False,242306.5
2025-08-29,NIFTY,SHORT,2025-08-29 10:55:00+05:30,24528.95,2025-08-29 11:00:00+05:30,24527.6,EARLY_EXIT,65,1.35,87.75,20.0,797.19,58.35,3.19,31.89,14.1,924.72,-836.97,442306.48,441469.51,0.0,False,241469.53
2025-09-04,NIFTY,LONG,2025-09-04 12:35:00+05:30,24793.9,2025-09-04 13:40:00+05:30,24802.45,EARLY_EXIT,65,8.55,555.75,20.0,806.08,58.99,3.22,32.23,14.22,934.75,-379.0,441469.51,441090.51,0.0,False,241090.53
2025-09-11,NIFTY,LONG,2025-09-11 10:15:00+05:30,24969.55,2025-09-11 11:35:00+05:30,24968.4,EARLY_EXIT,65,-1.15,-74.75,20.0,811.47,59.4,3.25,32.46,14.29,940.87,-1015.62,441090.51,440074.89,0.0,False,240074.91
2025-09-11,NIFTY,LONG,2025-09-11 11:55:00+05:30,24967.15,2025-09-11 12:19:00+05:30,24998.05,TP,65,30.9,2008.5,20.0,812.44,59.43,3.25,32.46,14.3,941.87,1066.63,440074.89,441141.52,0.0,False,241141.54
2025-09-18,NIFTY,LONG,2025-09-18 14:45:00+05:30,25359.7,2025-09-18 15:04:00+05:30,25416.15,TP,65,56.45,3669.17,20.0,826.02,60.4,3.3,32.97,14.47,957.16,2712.01,441141.52,443853.53,0.0,False,243853.55
2025-09-22,NIFTY,LONG,2025-09-22 12:30:00+05:30,25287.3,2025-09-22 13:15:00+05:30,25299.5,EARLY_EXIT,65,12.2,793.0,20.0,822.23,60.17,3.29,32.87,14.43,953.0,-160.0,443853.53,443693.53,0.0,False,243693.55
2025-09-23,NIFTY,SHORT,2025-09-23 14:45:00+05:30,25215.3,2025-09-23 15:14:00+05:30,25176.13,PRE_CLOSE_FLATTEN,65,39.17,2546.05,20.0,819.5,59.94,3.28,32.73,14.39,949.83,1596.22,443693.53,445289.75,0.0,False,245289.77
2025-10-03,NIFTY,LONG,2025-10-03 09:50:00+05:30,24799.2,2025-10-03 10:20:00+05:30,24786.75,EARLY_EXIT,65,-12.45,-809.25,20.0,805.57,58.98,3.22,32.24,14.22,934.23,-1743.48,445289.75,443546.27,0.0,False,243546.29
2025-10-03,NIFTY,LONG,2025-10-03 10:25:00+05:30,24790.9,2025-10-03 10:40:00+05:30,24812.05,EARLY_EXIT,65,21.15,1374.75,20.0,806.39,59.0,3.22,32.23,14.22,935.07,439.68,443546.27,443985.95,0.0,False,243985.97
2025-10-07,NIFTY,LONG,2025-10-07 11:55:00+05:30,25130.75,2025-10-07 13:09:00+05:30,25190.63,TP,65,59.88,3892.49,20.0,818.7,59.86,3.27,32.67,14.37,948.87,2943.62,443985.95,446929.57,0.0,False,246929.59
2025-10-08,NIFTY,SHORT,2025-10-08 14:05:00+05:30,25112.64,2025-10-08 14:51:00+05:30,25047.49,TP,65,65.15,4234.43,20.0,816.16,59.67,3.26,32.56,14.34,945.99,3288.44,446929.57,450218.0,0.0,False,250218.03
2025-10-13,NIFTY,SHORT,2025-10-13 13:50:00+05:30,25202.03,2025-10-13 14:00:00+05:30,25195.68,EARLY_EXIT,65,6.35,412.43,20.0,819.07,59.95,3.28,32.75,14.39,949.43,-537.0,450218.0,449681.0,0.0,False,249681.03
2025-10-24,NIFTY,SHORT,2025-10-24 12:30:00+05:30,25837.55,2025-10-24 13:31:00+05:30,25769.45,TP,65,68.1,4426.51,20.0,839.72,61.39,3.35,33.5,14.65,972.61,3453.9,449681.0,453134.89,0.0,False,253134.93
2025-10-28,NIFTY,SHORT,2025-10-28 13:40:00+05:30,25920.9,2025-10-28 14:12:00+05:30,25844.12,TP,65,76.78,4990.45,20.0,842.43,61.57,3.36,33.6,14.68,975.65,4014.8,453134.89,457149.7,0.0,False,257149.73
2025-10-31,NIFTY,SHORT,2025-10-31 10:00:00+05:30,25917.88,2025-10-31 10:21:00+05:30,25840.37,TP,65,77.51,5038.29,20.0,842.33,61.57,3.36,33.59,14.68,975.54,4062.75,457149.7,461212.44,0.0,False,261212.48
2025-11-03,NIFTY,SHORT,2025-11-03 10:00:00+05:30,25744.24,2025-11-03 10:35:00+05:30,25733.25,EARLY_EXIT,65,10.99,714.03,20.0,836.69,61.23,3.35,33.45,14.62,969.34,-255.31,461212.44,460957.13,0.0,False,260957.17
2025-11-03,NIFTY,SHORT,2025-11-03 11:30:00+05:30,25751.15,2025-11-03 12:45:00+05:30,25733.05,EARLY_EXIT,65,18.1,1176.5,20.0,836.91,61.24,3.35,33.45,14.62,969.58,206.92,460957.13,461164.05,0.0,False,261164.09
2025-11-03,NIFTY,SHORT,2025-11-03 13:45:00+05:30,25750.75,2025-11-03 13:55:00+05:30,25747.35,EARLY_EXIT,65,3.4,221.0,20.0,836.9,61.26,3.35,33.47,14.63,969.6,-748.6,461164.05,460415.45,0.0,False,260415.49
2025-11-13,NIFTY,LONG,2025-11-13 09:45:00+05:30,25871.89,2025-11-13 10:49:00+05:30,25940.13,TP,65,68.25,4436.13,20.0,843.05,61.63,3.37,33.63,14.69,976.38,3459.75,460415.45,463875.19,0.0,False,263875.24
2025-11-13,NIFTY,LONG,2025-11-13 12:55:00+05:30,25955.1,2025-11-13 13:41:00+05:30,26000.83,TP,65,45.72,2972.03,20.0,845.03,61.8,3.38,33.74,14.72,978.67,1993.36,463875.19,465868.56,0.0,False,265868.6
2025-11-14,NIFTY,SHORT,2025-11-14 11:15:00+05:30,25859.75,2025-11-14 11:17:00+05:30,25846.85,TP,65,12.9,838.5,20.0,840.44,61.51,3.36,33.6,14.67,973.58,-135.08,465868.56,465733.48,0.0,False,265733.52
2025-11-14,NIFTY,SHORT,2025-11-14 12:30:00+05:30,25828.4,2025-11-14 12:46:00+05:30,25795.85,TP,65,32.55,2115.75,20.0,839.42,61.41,3.36,33.53,14.65,972.37,1143.38,465733.48,466876.86,0.0,False,266876.9
2025-11-18,NIFTY,SHORT,2025-11-18 11:25:00+05:30,25942.0,2025-11-18 11:40:00+05:30,25950.4,SL,65,-8.4,-546.0,20.0,843.12,61.73,3.37,33.74,14.71,976.66,-1522.66,466876.86,465354.2,0.0,False,265354.24
2025-11-21,NIFTY,SHORT,2025-11-21 13:10:00+05:30,26157.7,2025-11-21 13:24:00+05:30,26109.43,TP,65,48.27,3137.3,20.0,850.13,62.17,3.4,33.94,14.79,984.43,2152.87,465354.2,467507.07,0.0,False,267507.11
2025-11-25,NIFTY,SHORT,2025-11-25 12:15:00+05:30,25978.9,2025-11-25 12:40:00+05:30,25978.75,EARLY_EXIT,65,0.15,9.75,20.0,844.31,61.8,3.38,33.77,14.72,977.99,-968.24,467507.07,466538.83,0.0,False,266538.87
2025-11-27,NIFTY,LONG,2025-11-27 12:40:00+05:30,26227.0,2025-11-27 12:55:00+05:30,26240.1,EARLY_EXIT,65,13.1,851.5,20.0,852.8,62.41,3.41,34.1,14.83,987.55,-136.05,466538.83,466402.78,0.0,False,266402.82
2025-12-09,NIFTY,SHORT,2025-12-09 11:40:00+05:30,25856.26,2025-12-09 12:00:00+05:30,25856.4,EARLY_EXIT,65,-0.14,-9.1,20.0,840.33,61.51,3.36,33.61,14.67,973.49,-982.59,466402.78,465420.19,0.0,False,265420.23
2025-12-09,NIFTY,SHORT,2025-12-09 12:50:00+05:30,25877.97,2025-12-09 13:25:00+05:30,25879.4,EARLY_EXIT,65,-1.43,-92.95,20.0,841.03,61.57,3.36,33.64,14.68,974.29,-1067.24,465420.19,464352.95,0.0,False,264352.99
2025-12-15,NIFTY,SHORT,2025-12-15 11:05:00+05:30,25983.15,2025-12-15 11:25:00+05:30,25982.5,EARLY_EXIT,65,0.65,42.25,20.0,844.45,61.81,3.38,33.78,14.73,978.15,-935.9,464352.95,463417.05,0.0,False,263417.09
2025-12-23,NIFTY,LONG,2025-12-23 09:50:00+05:30,26142.15,2025-12-23 10:11:00+05:30,26190.8,TP,65,48.65,3162.0,20.0,851.2,62.25,3.4,33.98,14.81,985.64,2176.36,463417.05,465593.41,0.0,False,265593.45
2025-12-23,NIFTY,LONG,2025-12-23 11:50:00+05:30,26169.7,2025-12-23 12:30:00+05:30,26174.5,EARLY_EXIT,65,4.8,312.0,20.0,850.67,62.26,3.4,34.02,14.81,985.17,-673.17,465593.41,464920.24,0.0,False,264920.28
2025-12-23,NIFTY,LONG,2025-12-23 12:45:00+05:30,26176.7,2025-12-23 14:11:00+05:30,26205.5,TP,65,28.8,1872.0,20.0,851.68,62.31,3.4,34.03,14.82,986.24,885.76,464920.24,465806.0,0.0,False,265806.04
2025-12-29,NIFTY,SHORT,2025-12-29 09:50:00+05:30,26076.7,2025-12-29 10:00:00+05:30,26030.01,TP,65,46.69,3035.13,20.0,847.49,61.98,3.39,33.84,14.76,981.46,2053.67,465806.0,467859.67,0.0,False,267859.71
2025-12-30,NIFTY,SHORT,2025-12-30 14:25:00+05:30,25924.24,2025-12-30 14:30:00+05:30,25927.81,EARLY_EXIT,65,-3.57,-232.05,20.0,842.54,61.68,3.37,33.71,14.7,975.99,-1208.04,467859.67,466651.63,0.0,False,266651.67
2026-01-01,NIFTY,LONG,2026-01-01 10:25:00+05:30,26148.62,2026-01-01 11:40:00+05:30,26160.65,EARLY_EXIT,65,12.03,781.95,20.0,850.22,62.22,3.4,33.99,14.8,984.64,-202.69,466651.63,466448.94,0.0,False,266448.98
2026-01-05,NIFTY,LONG,2026-01-05 11:40:00+05:30,26326.35,2026-01-05 12:02:00+05:30,26312.85,SL,65,-13.5,-877.5,20.0,855.17,62.61,3.42,34.22,14.87,990.3,-1867.8,466448.94,464581.14,0.0,False,264581.18
2026-01-06,NIFTY,SHORT,2026-01-06 10:15:00+05:30,26244.7,2026-01-06 11:16:00+05:30,26176.18,TP,65,68.52,4453.96,20.0,852.95,62.35,3.41,34.03,14.82,987.57,3466.39,464581.14,468047.53,0.0,False,268047.57
2026-01-07,NIFTY,SHORT,2026-01-07 10:25:00+05:30,26151.25,2026-01-07 10:50:00+05:30,26147.85,EARLY_EXIT,65,3.4,221.0,20.0,849.92,62.21,3.4,33.99,14.8,984.31,-763.31,468047.53,467284.22,0.0,False,267284.26
2026-01-21,NIFTY,LONG,2026-01-21 14:15:00+05:30,25140.05,2026-01-21 14:17:00+05:30,25123.72,SL,65,-16.33,-1061.77,20.0,816.52,59.79,3.27,32.68,14.36,946.62,-2008.39,467284.22,465275.82,0.0,False,265275.87
2026-02-04,NIFTY,LONG,2026-02-04 09:40:00+05:30,25752.99,2026-02-04 10:30:00+05:30,25740.75,EARLY_EXIT,65,-12.24,-795.92,20.0,836.57,61.25,3.35,33.48,14.63,969.28,-1765.2,465275.82,463510.62,0.0,False,263510.67
2026-02-04,NIFTY,LONG,2026-02-04 10:45:00+05:30,25734.05,2026-02-04 11:10:00+05:30,25725.93,EARLY_EXIT,65,-8.12,-527.8,20.0,836.09,61.21,3.34,33.45,14.62,968.72,-1496.52,463510.62,462014.1,0.0,False,262014.15
2026-02-04,NIFTY,LONG,2026-02-04 12:05:00+05:30,25722.05,2026-02-04 12:55:00+05:30,25715.2,EARLY_EXIT,65,-6.85,-445.25,20.0,835.74,61.18,3.34,33.44,14.61,968.32,-1413.57,462014.1,460600.53,0.0,False,260600.58
2026-02-10,NIFTY,LONG,2026-02-10 14:15:00+05:30,25925.65,2026-02-10 14:25:00+05:30,25925.05,EARLY_EXIT,65,-0.6,-39.0,20.0,842.56,61.68,3.37,33.7,14.7,976.02,-1015.02,460600.53,459585.51,0.0,False,259585.56
2026-02-11,NIFTY,SHORT,2026-02-11 09:35:00+05:30,25952.0,2026-02-11 10:20:00+05:30,25954.85,EARLY_EXIT,65,-2.85,-185.25,20.0,843.44,61.74,3.37,33.74,14.71,977.01,-1162.26,459585.51,458423.25,0.0,False,258423.3
2026-02-17,NIFTY,LONG,2026-02-17 14:35:00+05:30,25696.0,2026-02-17 15:14:00+05:30,25723.85,PRE_CLOSE_FLATTEN,65,27.85,1810.25,20.0,836.03,61.16,3.34,33.4,14.61,968.55,841.7,458423.25,459264.95,0.0,False,259265.0
2026-02-19,NIFTY,SHORT,2026-02-19 09:50:00+05:30,25800.49,2026-02-19 10:37:00+05:30,25727.91,TP,65,72.57,4717.37,20.0,838.52,61.29,3.35,33.45,14.63,971.24,3746.13,459264.95,463011.08,0.0,False,263011.13
2026-03-12,NIFTY,SHORT,2026-03-12 13:55:00+05:30,23751.79,2026-03-12 14:50:00+05:30,23651.05,TP,65,100.75,6548.54,20.0,771.93,56.39,3.08,30.75,13.75,895.9,5652.64,463011.08,468663.72,0.0,False,268663.77
2026-03-16,NIFTY,LONG,2026-03-16 09:30:00+05:30,23186.73,2026-03-16 10:10:00+05:30,23177.34,EARLY_EXIT,65,-9.39,-610.35,20.0,753.26,55.15,3.01,30.14,13.53,875.1,-1485.45,468663.72,467178.27,0.0,False,267178.32
2026-03-17,NIFTY,LONG,2026-03-17 12:30:00+05:30,23394.48,2026-03-17 12:43:00+05:30,23449.77,TP,65,55.29,3593.85,20.0,762.12,55.72,3.04,30.41,13.63,884.93,2708.92,467178.27,469887.19,0.0,False,269887.24
2026-04-07,NIFTY,SHORT,2026-04-07 10:50:00+05:30,22930.14,2026-04-07 11:20:00+05:30,22894.01,EARLY_EXIT,65,36.13,2348.45,20.0,745.23,54.51,2.98,29.76,13.41,865.89,1482.56,469887.19,471369.75,0.0,False,271369.8
2026-04-20,NIFTY,LONG,2026-04-20 09:50:00+05:30,24291.25,2026-04-20 10:17:00+05:30,24394.48,TP,65,103.23,6709.89,20.0,792.82,57.91,3.16,31.58,14.02,919.5,5790.39,471369.75,477160.14,0.0,False,277160.19
2026-05-04,NIFTY,LONG,2026-05-04 14:10:00+05:30,24087.84,2026-05-04 14:45:00+05:30,24080.53,EARLY_EXIT,65,-7.31,-475.15,20.0,782.62,57.3,3.13,31.31,13.91,908.27,-1383.42,477160.14,475776.72,0.0,False,275776.77
2026-05-07,NIFTY,LONG,2026-05-07 11:50:00+05:30,24314.85,2026-05-07 12:38:00+05:30,24391.46,TP,65,76.6,4979.16,20.0,792.72,57.94,3.17,31.61,14.03,919.46,4059.7,475776.72,479836.42,0.0,False,279836.47
2026-05-07,NIFTY,LONG,2026-05-07 13:50:00+05:30,24351.7,2026-05-07 14:40:00+05:30,24358.27,EARLY_EXIT,65,6.57,427.37,20.0,791.64,57.94,3.17,31.66,14.03,918.44,-491.07,479836.42,479345.35,0.0,False,279345.4
2026-05-13,NIFTY,SHORT,2026-05-13 10:55:00+05:30,23418.71,2026-05-13 11:35:00+05:30,23415.36,EARLY_EXIT,65,3.34,217.1,20.0,761.11,55.71,3.04,30.44,13.63,883.93,-666.83,479345.35,478678.52,0.0,False,278678.57
2026-05-15,NIFTY,LONG,2026-05-15 12:00:00+05:30,23729.81,2026-05-15 12:20:00+05:30,23730.04,EARLY_EXIT,65,0.23,15.27,20.0,771.23,56.45,3.08,30.85,13.76,895.38,-880.11,478678.52,477798.42,0.0,False,277798.46
2026-05-20,NIFTY,SHORT,2026-05-20 12:00:00+05:30,23604.75,2026-05-20 12:20:00+05:30,23585.6,EARLY_EXIT,65,19.15,1244.75,20.0,767.15,56.13,3.07,30.66,13.7,890.72,354.03,477798.42,478152.45,0.0,False,278152.49
2026-05-21,NIFTY,LONG,2026-05-21 11:25:00+05:30,23718.44,2026-05-21 12:10:00+05:30,23734.5,EARLY_EXIT,65,16.06,1043.9,20.0,771.37,56.45,3.08,30.83,13.76,895.5,148.4,478152.45,478300.85,0.0,False,278300.89
2026-05-27,NIFTY,LONG,2026-05-27 10:00:00+05:30,23875.75,2026-05-27 10:04:00+05:30,23897.5,TP,65,21.75,1413.75,20.0,776.67,56.83,3.11,31.04,13.83,901.47,512.28,478300.85,478813.13,0.0,False,278813.17
2026-05-29,NIFTY,SHORT,2026-05-29 10:25:00+05:30,23927.31,2026-05-29 12:13:00+05:30,23845.72,TP,65,81.58,5303.02,20.0,777.64,56.83,3.11,31.0,13.83,902.4,4400.62,478813.13,483213.75,0.0,False,283213.79
2026-06-02,NIFTY,SHORT,2026-06-02 11:35:00+05:30,23330.8,2026-06-02 12:35:00+05:30,23329.19,EARLY_EXIT,65,1.6,104.32,20.0,758.25,55.5,3.03,30.33,13.59,880.7,-776.38,483213.75,482437.38,0.0,False,282437.41
2026-06-04,NIFTY,LONG,2026-06-04 14:00:00+05:30,23414.0,2026-06-04 15:01:00+05:30,23384.65,SL,65,-29.36,-1908.19,20.0,760.0,55.67,3.04,30.44,13.62,882.77,-2790.96,482437.38,479646.42,0.0,False,279646.45
2026-06-23,NIFTY,LONG,2026-06-23 09:30:00+05:30,24099.05,2026-06-23 10:40:00+05:30,24113.05,EARLY_EXIT,65,14.0,910.0,20.0,783.67,57.35,3.13,31.33,13.92,909.41,0.59,479646.42,479647.01,0.0,False,279647.04
2026-06-23,NIFTY,LONG,2026-06-23 11:10:00+05:30,24105.15,2026-06-23 11:30:00+05:30,24108.9,EARLY_EXIT,65,3.75,243.75,20.0,783.54,57.35,3.13,31.34,13.92,909.28,-665.53,479647.01,478981.48,0.0,False,278981.51
2026-06-24,NIFTY,LONG,2026-06-24 10:00:00+05:30,23868.41,2026-06-24 10:27:00+05:30,23966.08,TP,65,97.67,6348.47,20.0,778.9,56.9,3.11,31.03,13.84,903.78,5444.69,478981.48,484426.17,0.0,False,284426.2
2026-06-29,NIFTY,LONG,2026-06-29 10:20:00+05:30,24065.1,2026-06-29 10:50:00+05:30,24068.89,EARLY_EXIT,65,3.79,246.03,20.0,782.24,57.26,3.13,31.28,13.91,907.81,-661.78,484426.17,483764.38,0.0,False,283764.42
2026-06-30,NIFTY,LONG,2026-06-30 13:25:00+05:30,23923.1,2026-06-30 13:42:00+05:30,23953.25,TP,65,30.15,1959.75,20.0,778.48,56.95,3.11,31.1,13.85,903.49,1056.26,483764.38,484820.64,0.0,False,284820.68
2026-06-30,NIFTY,SHORT,2026-06-30 13:50:00+05:30,23938.85,2026-06-30 14:04:00+05:30,23890.55,TP,65,48.3,3139.5,20.0,778.01,56.89,3.11,31.06,13.84,902.91,2236.59,484820.64,487057.23,0.0,False,287057.27
2026-07-21,NIFTY,SHORT,2026-07-21 13:55:00+05:30,24167.32,2026-07-21 14:05:00+05:30,24182.21,SL,65,-14.89,-967.86,20.0,785.44,57.51,3.14,31.44,13.95,911.48,-1879.34,487057.23,485177.9,0.0,False,285177.93
2026-07-28,NIFTY,SHORT,2026-07-28 10:00:00+05:30,24009.7,2026-07-28 10:35:00+05:30,23999.55,EARLY_EXIT,65,10.15,659.75,20.0,780.32,57.11,3.12,31.2,13.88,905.62,-245.87,485177.9,484932.03,0.0,False,284932.06
2026-07-30,NIFTY,LONG,2026-07-30 10:40:00+05:30,24243.3,2026-07-30 12:32:00+05:30,24298.65,TP,65,55.35,3597.75,20.0,789.71,57.74,3.16,31.52,13.99,916.11,2681.64,484932.03,487613.67,0.0,False,287613.7
2026-08-07,NIFTY,LONG,2026-08-07 09:50:00+05:30,24617.45,2026-08-07 10:10:00+05:30,24608.9,EARLY_EXIT,65,-8.55,-555.75,20.0,799.79,58.55,3.2,32.0,14.14,927.69,-1483.44,487613.67,486130.23,0.0,False,286130.26
2026-08-07,NIFTY,SHORT,2026-08-07 14:00:00+05:30,24571.05,2026-08-07 15:14:00+05:30,24555.58,PRE_CLOSE_FLATTEN,65,15.47,1005.23,20.0,798.56,58.44,3.19,31.92,14.12,926.23,79.0,486130.23,486209.22,0.0,False,286209.26
2026-08-10,NIFTY,LONG,2026-08-10 13:25:00+05:30,24591.7,2026-08-10 14:15:00+05:30,24588.15,EARLY_EXIT,65,-3.55,-230.75,20.0,799.11,58.5,3.2,31.97,14.13,926.91,-1157.66,486209.22,485051.56,0.0,False,285051.6
2026-08-13,NIFTY,SHORT,2026-08-13 14:05:00+05:30,24372.7,2026-08-13 15:14:00+05:30,24354.12,PRE_CLOSE_FLATTEN,65,18.58,1208.02,20.0,792.11,57.96,3.17,31.66,14.03,918.93,289.09,485051.56,485340.66,0.0,False,285340.69
2026-08-21,NIFTY,SHORT,2026-08-21 09:30:00+05:30,24221.1,2026-08-21 09:40:00+05:30,24228.25,EARLY_EXIT,65,-7.15,-464.75,20.0,787.19,57.63,3.15,31.5,13.97,913.44,-1378.19,485340.66,483962.47,0.0,False,283962.5
2026-08-21,NIFTY,SHORT,2026-08-21 10:05:00+05:30,24238.05,2026-08-21 10:25:00+05:30,24245.9,EARLY_EXIT,65,-7.85,-510.25,20.0,787.74,57.67,3.15,31.52,13.98,914.06,-1424.31,483962.47,482538.16,0.0,False,282538.19
2026-08-25,NIFTY,SHORT,2026-08-25 09:35:00+05:30,24187.0,2026-08-25 10:20:00+05:30,24129.06,TP,65,57.94,3766.11,20.0,786.08,57.47,3.14,31.37,13.94,912.0,2854.11,482538.16,485392.26,0.0,False,285392.3
